metric,algorithm_a,algorithm_b,n,mean_a,mean_b,mean_diff,t_stat,t_pvalue,wilcoxon_pvalue
final_cost,MS,DMS,50,256.785,62.8749,193.91,134.989,1.12673e-64,1.77636e-15
final_cost,MS,DMS_split_at_1000,50,256.785,62.9547,193.831,137.999,3.83505e-65,1.77636e-15
final_cost,MS,MS_split_0.5,50,256.785,254.976,1.80966,0.997225,0.323555,0.309043
final_cost,MS,MS_split_MGM_200,50,256.785,88.0931,168.692,86.1868,3.62445e-55,1.77636e-15
final_cost,MS,MS_split_opt_200,50,256.785,86.2147,170.571,89.0828,7.24961e-56,1.77636e-15
final_cost,MS,DMS_split_at_500,50,256.785,63.0161,193.769,134.546,1.32314e-64,1.77636e-15
final_cost,MS,DMS_split_at_300,50,256.785,62.9957,193.79,134.986,1.1281e-64,1.77636e-15
final_cost,MS,DMS_split_at_50,50,256.785,62.8547,193.931,136.227,7.21034e-65,1.77636e-15
final_cost,MS,DMS_split_at_100,50,256.785,63.4744,193.311,137.151,5.18331e-65,1.77636e-15
final_cost,MS,DMS_split_0.5,50,256.785,63.0494,193.736,135.735,8.60769e-65,1.77636e-15
final_cost,MS,DMS_split_0.4_0.6,50,256.785,63.0203,193.765,129.584,8.29752e-64,1.77636e-15
final_cost,MS,MS_split_MGM_inverted_200,50,256.785,107.88,148.905,84.7289,8.31605e-55,1.77636e-15
final_cost,DMS,DMS_split_at_1000,50,62.8749,62.9547,-0.0798347,-0.308943,0.758675,0.888638
final_cost,DMS,MS_split_0.5,50,62.8749,254.976,-192.101,-88.7413,8.74113e-56,1.77636e-15
final_cost,DMS,MS_split_MGM_200,50,62.8749,88.0931,-25.2182,-15.6543,1.06108e-20,2.4869e-14
final_cost,DMS,MS_split_opt_200,50,62.8749,86.2147,-23.3398,-15.1113,4.47285e-20,5.86198e-14
final_cost,DMS,DMS_split_at_500,50,62.8749,63.0161,-0.141221,-0.697626,0.488708,0.441268
final_cost,DMS,DMS_split_at_300,50,62.8749,62.9957,-0.120851,-0.671273,0.505199,0.423596
final_cost,DMS,DMS_split_at_50,50,62.8749,62.8547,0.0201067,0.0435534,0.965437,0.96081
final_cost,DMS,DMS_split_at_100,50,62.8749,63.4744,-0.599564,-1.30345,0.198511,0.348771
final_cost,DMS,DMS_split_0.5,50,62.8749,63.0494,-0.174591,-0.20438,0.838903,0.545089
final_cost,DMS,DMS_split_0.4_0.6,50,62.8749,63.0203,-0.145411,-0.216224,0.829711,0.977103
final_cost,DMS,MS_split_MGM_inverted_200,50,62.8749,107.88,-45.0054,-25.1504,1.14665e-29,1.77636e-15
final_cost,DMS_split_at_1000,MS_split_0.5,50,62.9547,254.976,-192.021,-88.8838,8.08384e-56,1.77636e-15
final_cost,DMS_split_at_1000,MS_split_MGM_200,50,62.9547,88.0931,-25.1384,-15.1984,3.54272e-20,5.86198e-14
final_cost,DMS_split_at_1000,MS_split_opt_200,50,62.9547,86.2147,-23.26,-14.6123,1.72953e-19,9.76996e-14
final_cost,DMS_split_at_1000,DMS_split_at_500,50,62.9547,63.0161,-0.0613865,-0.274315,0.784996,0.735317
final_cost,DMS_split_at_1000,DMS_split_at_300,50,62.9547,62.9957,-0.0410167,-0.19898,0.843102,0.779435
final_cost,DMS_split_at_1000,DMS_split_at_50,50,62.9547,62.8547,0.0999413,0.2034,0.839665,0.962408
final_cost,DMS_split_at_1000,DMS_split_at_100,50,62.9547,63.4744,-0.51973,-1.17207,0.246835,0.375772
final_cost,DMS_split_at_1000,DMS_split_0.5,50,62.9547,63.0494,-0.0947563,-0.117574,0.906886,0.43982
final_cost,DMS_split_at_1000,DMS_split_0.4_0.6,50,62.9547,63.0203,-0.0655765,-0.106016,0.916003,0.977103
final_cost,DMS_split_at_1000,MS_split_MGM_inverted_200,50,62.9547,107.88,-44.9256,-25.4932,6.18492e-30,1.77636e-15
final_cost,MS_split_0.5,MS_split_MGM_200,50,254.976,88.0931,166.883,60.2645,1.26361e-47,1.77636e-15
final_cost,MS_split_0.5,MS_split_opt_200,50,254.976,86.2147,168.761,62.5729,2.05003e-48,1.77636e-15
final_cost,MS_split_0.5,DMS_split_at_500,50,254.976,63.0161,191.96,88.3642,1.07558e-55,1.77636e-15
final_cost,MS_split_0.5,DMS_split_at_300,50,254.976,62.9957,191.98,87.4363,1.79843e-55,1.77636e-15
final_cost,MS_split_0.5,DMS_split_at_50,50,254.976,62.8547,192.121,91.853,1.63096e-56,1.77636e-15
final_cost,MS_split_0.5,DMS_split_at_100,50,254.976,63.4744,191.501,91.5098,1.95733e-56,1.77636e-15
final_cost,MS_split_0.5,DMS_split_0.5,50,254.976,63.0494,191.926,99.8854,2.7398e-58,1.77636e-15
final_cost,MS_split_0.5,DMS_split_0.4_0.6,50,254.976,63.0203,191.955,91.8635,1.62193e-56,1.77636e-15
final_cost,MS_split_0.5,MS_split_MGM_inverted_200,50,254.976,107.88,147.095,87.6532,1.59398e-55,1.77636e-15
final_cost,MS_split_MGM_200,MS_split_opt_200,50,88.0931,86.2147,1.87843,6.43177,5.03746e-08,3.65283e-07
final_cost,MS_split_MGM_200,DMS_split_at_500,50,88.0931,63.0161,25.077,15.8562,6.2672e-21,2.4869e-14
final_cost,MS_split_MGM_200,DMS_split_at_300,50,88.0931,62.9957,25.0974,15.7347,8.59977e-21,2.4869e-14
final_cost,MS_split_MGM_200,DMS_split_at_50,50,88.0931,62.8547,25.2383,15.7865,7.51365e-21,5.32907e-15
final_cost,MS_split_MGM_200,DMS_split_at_100,50,88.0931,63.4744,24.6187,14.4413,2.76751e-19,1.95399e-13
final_cost,MS_split_MGM_200,DMS_split_0.5,50,88.0931,63.0494,25.0436,13.9455,1.10386e-18,1.95399e-13
final_cost,MS_split_MGM_200,DMS_split_0.4_0.6,50,88.0931,63.0203,25.0728,15.0092,5.88459e-20,8.88178e-15
final_cost,MS_split_MGM_200,MS_split_MGM_inverted_200,50,88.0931,107.88,-19.7872,-6.86244,1.08364e-08,1.24345e-14
final_cost,MS_split_opt_200,DMS_split_at_500,50,86.2147,63.0161,23.1986,15.298,2.71688e-20,4.44089e-14
final_cost,MS_split_opt_200,DMS_split_at_300,50,86.2147,62.9957,23.2189,15.1496,4.03655e-20,5.86198e-14
final_cost,MS_split_opt_200,DMS_split_at_50,50,86.2147,62.8547,23.3599,15.1097,4.49249e-20,4.44089e-14
final_cost,MS_split_opt_200,DMS_split_at_100,50,86.2147,63.4744,22.7402,13.7932,1.69842e-18,2.43361e-13
final_cost,MS_split_opt_200,DMS_split_0.5,50,86.2147,63.0494,23.1652,13.2419,8.27903e-18,4.49418e-13
final_cost,MS_split_opt_200,DMS_split_0.4_0.6,50,86.2147,63.0203,23.1944,14.333,3.73447e-19,4.44089e-14
final_cost,MS_split_opt_200,MS_split_MGM_inverted_200,50,86.2147,107.88,-21.6656,-7.66953,6.13582e-10,1.77636e-15
final_cost,DMS_split_at_500,DMS_split_at_300,50,63.0161,62.9957,0.0203698,0.135673,0.892636,0.593955
final_cost,DMS_split_at_500,DMS_split_at_50,50,63.0161,62.8547,0.161328,0.35028,0.72763,0.857535
final_cost,DMS_split_at_500,DMS_split_at_100,50,63.0161,63.4744,-0.458343,-0.988029,0.327992,0.517212
final_cost,DMS_split_at_500,DMS_split_0.5,50,63.0161,63.0494,-0.0333698,-0.0411354,0.967355,0.479131
final_cost,DMS_split_at_500,DMS_split_0.4_0.6,50,63.0161,63.0203,-0.00419,-0.00658505,0.994773,0.855748
final_cost,DMS_split_at_500,MS_split_MGM_inverted_200,50,63.0161,107.88,-44.8642,-25.2024,1.04368e-29,1.77636e-15
final_cost,DMS_split_at_300,DMS_split_at_50,50,62.9957,62.8547,0.140958,0.31491,0.754167,0.830776
final_cost,DMS_split_at_300,DMS_split_at_100,50,62.9957,63.4744,-0.478713,-1.05613,0.296087,0.475825
final_cost,DMS_split_at_300,DMS_split_0.5,50,62.9957,63.0494,-0.0537396,-0.0650641,0.948388,0.377743
final_cost,DMS_split_at_300,DMS_split_0.4_0.6,50,62.9957,63.0203,-0.0245598,-0.0396273,0.968551,0.863265
final_cost,DMS_split_at_300,MS_split_MGM_inverted_200,50,62.9957,107.88,-44.8846,-24.9461,1.66198e-29,1.77636e-15
final_cost,DMS_split_at_50,DMS_split_at_100,50,62.8547,63.4744,-0.619671,-1.10358,0.275166,0.399423
final_cost,DMS_split_at_50,DMS_split_0.5,50,62.8547,63.0494,-0.194698,-0.239821,0.811469,0.690058
final_cost,DMS_split_at_50,DMS_split_0.4_0.6,50,62.8547,63.0203,-0.165518,-0.265366,0.791841,0.932618
final_cost,DMS_split_at_50,MS_split_MGM_inverted_200,50,62.8547,107.88,-45.0255,-25.694,4.32294e-30,1.77636e-15
final_cost,DMS_split_at_100,DMS_split_0.5,50,63.4744,63.0494,0.424974,0.533494,0.596104,0.103175
final_cost,DMS_split_at_100,DMS_split_0.4_0.6,50,63.4744,63.0203,0.454153,0.744917,0.45988,0.332567
final_cost,DMS_split_at_100,MS_split_MGM_inverted_200,50,63.4744,107.88,-44.4059,-26.5625,9.43672e-31,1.77636e-15
final_cost,DMS_split_0.5,DMS_split_0.4_0.6,50,63.0494,63.0203,0.0291798,0.0427313,0.966089,0.856942
final_cost,DMS_split_0.5,MS_split_MGM_inverted_200,50,63.0494,107.88,-44.8309,-28.5266,3.52551e-32,1.77636e-15
final_cost,DMS_split_0.4_0.6,MS_split_MGM_inverted_200,50,63.0203,107.88,-44.86,-25.6062,5.05447e-30,1.77636e-15
anytime_cost,MS,DMS,50,108.927,59.3158,49.6115,28.8515,2.08681e-32,1.77636e-15
anytime_cost,MS,DMS_split_at_1000,50,108.927,59.3761,49.5513,28.9315,1.83572e-32,1.77636e-15
anytime_cost,MS,MS_split_0.5,50,108.927,109.028,-0.100203,-0.149747,0.881579,0.959354
anytime_cost,MS,MS_split_MGM_200,50,108.927,87.793,21.1344,11.1884,4.2509e-15,3.52295e-09
anytime_cost,MS,MS_split_opt_200,50,108.927,85.9751,22.9522,12.1351,2.23692e-16,1.63101e-09
anytime_cost,MS,DMS_split_at_500,50,108.927,59.4362,49.4911,28.9597,1.75458e-32,1.77636e-15
anytime_cost,MS,DMS_split_at_300,50,108.927,59.4959,49.4314,28.7484,2.46342e-32,1.77636e-15
anytime_cost,MS,DMS_split_at_50,50,108.927,60.6955,48.2319,28.4411,4.05057e-32,1.77636e-15
anytime_cost,MS,DMS_split_at_100,50,108.927,60.2948,48.6325,28.5965,3.14808e-32,1.77636e-15
anytime_cost,MS,DMS_split_0.5,50,108.927,61.351,47.5764,26.9283,5.03586e-31,1.77636e-15
anytime_cost,MS,DMS_split_0.4_0.6,50,108.927,60.1163,48.811,30.405,1.82535e-33,1.77636e-15
anytime_cost,MS,MS_split_MGM_inverted_200,50,108.927,101.69,7.23735,5.37892,2.0846e-06,9.35153e-06
anytime_cost,DMS,DMS_split_at_1000,50,59.3158,59.3761,-0.0602322,-1.35517,0.181578,0.179712
anytime_cost,DMS,MS_split_0.5,50,59.3158,109.028,-49.7117,-29.1827,1.22945e-32,1.77636e-15
anytime_cost,DMS,MS_split_MGM_200,50,59.3158,87.793,-28.4772,-17.6006,7.97375e-23,1.77636e-15
anytime_cost,DMS,MS_split_opt_200,50,59.3158,85.9751,-26.6593,-16.9736,3.68916e-22,3.55271e-15
anytime_cost,DMS,DMS_split_at_500,50,59.3158,59.4362,-0.120403,-1.63413,0.108642,0.108809
anytime_cost,DMS,DMS_split_at_300,50,59.3158,59.4959,-0.180098,-1.92879,0.0595607,0.0678892
anytime_cost,DMS,DMS_split_at_50,50,59.3158,60.6955,-1.37966,-3.11481,0.00307313,0.000933919
anytime_cost,DMS,DMS_split_at_100,50,59.3158,60.2948,-0.979,-2.79356,0.00741772,0.00636278
anytime_cost,DMS,DMS_split_0.5,50,59.3158,61.351,-2.03516,-2.77611,0.00776965,0.0166377
anytime_cost,DMS,DMS_split_0.4_0.6,50,59.3158,60.1163,-0.800477,-1.28389,0.20522,0.233529
anytime_cost,DMS,MS_split_MGM_inverted_200,50,59.3158,101.69,-42.3742,-39.0049,1.4754e-38,1.77636e-15
anytime_cost,DMS_split_at_1000,MS_split_0.5,50,59.3761,109.028,-49.6515,-29.2646,1.07957e-32,1.77636e-15
anytime_cost,DMS_split_at_1000,MS_split_MGM_200,50,59.3761,87.793,-28.4169,-17.6434,7.19166e-23,1.77636e-15
anytime_cost,DMS_split_at_1000,MS_split_opt_200,50,59.3761,85.9751,-26.5991,-17.0328,3.18686e-22,3.55271e-15
anytime_cost,DMS_split_at_1000,DMS_split_at_500,50,59.3761,59.4362,-0.0601705,-1.34785,0.183904,0.179712
anytime_cost,DMS_split_at_1000,DMS_split_at_300,50,59.3761,59.4959,-0.119865,-1.62672,0.110211,0.108809
anytime_cost,DMS_split_at_1000,DMS_split_at_50,50,59.3761,60.6955,-1.31942,-3.06584,0.00352671,0.00113946
anytime_cost,DMS_split_at_1000,DMS_split_at_100,50,59.3761,60.2948,-0.918768,-2.74872,0.00835294,0.00868521
anytime_cost,DMS_split_at_1000,DMS_split_0.5,50,59.3761,61.351,-1.97493,-2.73713,0.00861163,0.0180611
anytime_cost,DMS_split_at_1000,DMS_split_0.4_0.6,50,59.3761,60.1163,-0.740245,-1.19508,0.237809,0.286642
anytime_cost,DMS_split_at_1000,MS_split_MGM_inverted_200,50,59.3761,101.69,-42.3139,-39.0899,1.3304e-38,1.77636e-15
anytime_cost,MS_split_0.5,MS_split_MGM_200,50,109.028,87.793,21.2346,12.1007,2.48394e-16,3.52295e-09
anytime_cost,MS_split_0.5,MS_split_opt_200,50,109.028,85.9751,23.0524,13.1431,1.10426e-17,1.63101e-09
anytime_cost,MS_split_0.5,DMS_split_at_500,50,109.028,59.4362,49.5913,29.2932,1.03174e-32,1.77636e-15
anytime_cost,MS_split_0.5,DMS_split_at_300,50,109.028,59.4959,49.5316,29.0749,1.45963e-32,1.77636e-15
anytime_cost,MS_split_0.5,DMS_split_at_50,50,109.028,60.6955,48.3321,29.1798,1.23508e-32,1.77636e-15
anytime_cost,MS_split_0.5,DMS_split_at_100,50,109.028,60.2948,48.7327,28.9204,1.86864e-32,1.77636e-15
anytime_cost,MS_split_0.5,DMS_split_0.5,50,109.028,61.351,47.6766,28.242,5.60572e-32,1.77636e-15
anytime_cost,MS_split_0.5,DMS_split_0.4_0.6,50,109.028,60.1163,48.9113,30.7439,1.08893e-33,1.77636e-15
anytime_cost,MS_split_0.5,MS_split_MGM_inverted_200,50,109.028,101.69,7.33755,5.85939,3.85127e-07,3.78962e-06
anytime_cost,MS_split_MGM_200,MS_split_opt_200,50,87.793,85.9751,1.81786,6.19534,1.16931e-07,5.38879e-07
anytime_cost,MS_split_MGM_200,DMS_split_at_500,50,87.793,59.4362,28.3568,17.7018,6.25071e-23,1.77636e-15
anytime_cost,MS_split_MGM_200,DMS_split_at_300,50,87.793,59.4959,28.2971,17.6622,6.87358e-23,1.77636e-15
anytime_cost,MS_split_MGM_200,DMS_split_at_50,50,87.793,60.6955,27.0975,16.6017,9.32987e-22,1.77636e-15
anytime_cost,MS_split_MGM_200,DMS_split_at_100,50,87.793,60.2948,27.4982,16.9621,3.79558e-22,1.77636e-15
anytime_cost,MS_split_MGM_200,DMS_split_0.5,50,87.793,61.351,26.442,14.8368,9.37776e-20,1.77636e-14
anytime_cost,MS_split_MGM_200,DMS_split_0.4_0.6,50,87.793,60.1163,27.6767,16.814,5.48409e-22,1.77636e-15
anytime_cost,MS_split_MGM_200,MS_split_MGM_inverted_200,50,87.793,101.69,-13.897,-8.1268,1.22346e-10,4.58807e-09
anytime_cost,MS_split_opt_200,DMS_split_at_500,50,85.9751,59.4362,26.5389,17.0792,2.84199e-22,3.55271e-15
anytime_cost,MS_split_opt_200,DMS_split_at_300,50,85.9751,59.4959,26.4792,17.0399,3.13104e-22,3.55271e-15
anytime_cost,MS_split_opt_200,DMS_split_at_50,50,85.9751,60.6955,25.2796,16.0451,3.84607e-21,3.55271e-15
anytime_cost,MS_split_opt_200,DMS_split_at_100,50,85.9751,60.2948,25.6803,16.3766,1.64781e-21,3.55271e-15
anytime_cost,MS_split_opt_200,DMS_split_0.5,50,85.9751,61.351,24.6241,14.2325,4.93754e-19,4.44089e-14
anytime_cost,MS_split_opt_200,DMS_split_0.4_0.6,50,85.9751,60.1163,25.8588,16.1077,3.27453e-21,1.77636e-15
anytime_cost,MS_split_opt_200,MS_split_MGM_inverted_200,50,85.9751,101.69,-15.7149,-9.4612,1.2248e-12,1.63101e-09
anytime_cost,DMS_split_at_500,DMS_split_at_300,50,59.4362,59.4959,-0.0596949,-1.35031,0.183122,0.179712
anytime_cost,DMS_split_at_500,DMS_split_at_50,50,59.4362,60.6955,-1.25925,-2.95609,0.00478073,0.00147876
anytime_cost,DMS_split_at_500,DMS_split_at_100,50,59.4362,60.2948,-0.858598,-2.67629,0.0100956,0.0117378
anytime_cost,DMS_split_at_500,DMS_split_0.5,50,59.4362,61.351,-1.91476,-2.66979,0.0102673,0.0185582
anytime_cost,DMS_split_at_500,DMS_split_0.4_0.6,50,59.4362,60.1163,-0.680074,-1.09244,0.279981,0.347207
anytime_cost,DMS_split_at_500,MS_split_MGM_inverted_200,50,59.4362,101.69,-42.2538,-39.3186,1.00838e-38,1.77636e-15
anytime_cost,DMS_split_at_300,DMS_split_at_50,50,59.4959,60.6955,-1.19956,-2.84056,0.0065422,0.0020333
anytime_cost,DMS_split_at_300,DMS_split_at_100,50,59.4959,60.2948,-0.798903,-2.54098,0.0142711,0.0129489
anytime_cost,DMS_split_at_300,DMS_split_0.5,50,59.4959,61.351,-1.85506,-2.58009,0.0129262,0.0248477
anytime_cost,DMS_split_at_300,DMS_split_0.4_0.6,50,59.4959,60.1163,-0.620379,-0.990892,0.326606,0.393495
anytime_cost,DMS_split_at_300,MS_split_MGM_inverted_200,50,59.4959,101.69,-42.1941,-38.9553,1.56724e-38,1.77636e-15
anytime_cost,DMS_split_at_50,DMS_split_at_100,50,60.6955,60.2948,0.400656,1.24927,0.2175,0.0578362
anytime_cost,DMS_split_at_50,DMS_split_0.5,50,60.6955,61.351,-0.655501,-0.92159,0.361258,0.673634
anytime_cost,DMS_split_at_50,DMS_split_0.4_0.6,50,60.6955,60.1163,0.57918,0.977317,0.333213,0.233529
anytime_cost,DMS_split_at_50,MS_split_MGM_inverted_200,50,60.6955,101.69,-40.9945,-37.5488,8.97124e-38,1.77636e-15
anytime_cost,DMS_split_at_100,DMS_split_0.5,50,60.2948,61.351,-1.05616,-1.46157,0.150243,0.420723
anytime_cost,DMS_split_at_100,DMS_split_0.4_0.6,50,60.2948,60.1163,0.178524,0.290712,0.772499,0.632173
anytime_cost,DMS_split_at_100,MS_split_MGM_inverted_200,50,60.2948,101.69,-41.3952,-37.8408,6.21382e-38,1.77636e-15
anytime_cost,DMS_split_0.5,DMS_split_0.4_0.6,50,61.351,60.1163,1.23468,2.28892,0.0264329,0.0343081
anytime_cost,DMS_split_0.5,MS_split_MGM_inverted_200,50,61.351,101.69,-40.339,-40.7845,1.7672e-39,1.77636e-15
anytime_cost,DMS_split_0.4_0.6,MS_split_MGM_inverted_200,50,60.1163,101.69,-41.5737,-44.1499,4.01677e-41,1.77636e-15
