period,freeze,final_commit,cost_x,cost_y,cost2_half,flip,edges_class0,cost_class0,edges_class1,cost_class1,edges_class2,cost_class2,x_is_br_of_y,y_is_br_of_x,single_moves_x,single_moves_y,greedy_from_x,cost_greedy_class2,t_commit99,br_steps,cost2_increases,family,density,seed,alg,edges
2,1000,0.5483870967741935,7026.226492460185,6956.227747995256,6656.227120227721,0.14,0.8387096774193549,106.3846153846154,0.064516129032258,116.25,0.0967741935483871,171.5,1.0,1.0,7,7,6647.238112258696,103.33333333333331,1000,,-1,random,0.05,0,MS_split,62
1,31,0.4919354838709677,6663.25318079645,6663.25318079645,6663.25318079645,0.0,1.0,107.46774193548389,0.0,,0.0,,1.0,1.0,0,0,6663.25318079645,,1000,,-1,random,0.05,0,DMS_split,62
2,1000,0.5158730158730159,8317.25217577779,8400.27307282857,6839.262624303179,0.6,0.2539682539682539,106.4375,0.2222222222222222,106.07142857142856,0.5238095238095238,155.42424242424244,1.0,1.0,30,30,7028.2441283356675,113.33333333333331,1000,,-1,random,0.05,1,MS_split,63
1,24,0.4682539682539682,6856.2389870005045,6856.2389870005045,6856.2389870005045,0.0,1.0,108.82539682539682,0.0,,0.0,,1.0,1.0,0,0,6856.2389870005045,,1000,,-1,random,0.05,1,DMS_split,63
2,1000,0.4672131147540984,7301.267241546911,7371.22946015556,6682.748350851235,0.34,0.6065573770491803,109.48648648648648,0.1475409836065573,112.0,0.2459016393442623,149.46666666666667,1.0,1.0,17,17,6686.249145690238,108.46666666666668,1000,,-1,random,0.05,2,MS_split,61
1,63,0.4426229508196721,6651.255222211001,6651.255222211001,6651.255222211001,0.0,1.0,109.0327868852459,0.0,,0.0,,1.0,1.0,0,0,6651.255222211001,,1000,,-1,random,0.05,2,DMS_split,61
2,1000,0.4838709677419355,8381.221518840153,8278.26337266942,6708.742445754787,0.68,0.1935483870967742,104.33333333333331,0.1774193548387097,113.72727272727272,0.6290322580645161,150.71794871794873,1.0,1.0,34,34,6807.219789030851,112.28205128205128,1000,,-1,random,0.05,3,MS_split,62
1,27,0.5161290322580645,6695.250886380797,6695.250886380797,6695.250886380797,0.0,1.0,107.98387096774194,0.0,,0.0,,1.0,1.0,0,0,6695.250886380797,,1000,,-1,random,0.05,3,DMS_split,62
2,1000,0.4152542372881356,8022.268719926729,7808.264873462918,6442.266796694824,0.54,0.3220338983050847,106.3157894736842,0.1186440677966101,118.57142857142856,0.559322033898305,156.72727272727272,1.0,1.0,27,27,6555.26565461939,112.21212121212122,1000,,-1,random,0.05,4,MS_split,59
0,1000,0.4322033898305085,6441.261776261394,6441.261776261394,6441.261776261394,0.0,1.0,109.16949152542372,0.0,,0.0,,1.0,1.0,0,0,6441.261776261394,,1000,,-1,random,0.05,4,DMS_split,59
2,1000,0.689873417721519,9551.267937717848,9360.262161956623,8868.765049837235,0.24,0.6835443037974683,111.96296296296296,0.1518987341772152,121.91666666666669,0.1645569620253164,157.07692307692307,1.0,1.0,12,12,8940.26442074727,115.15384615384616,1000,,-1,random,0.05,5,MS_split,79
1,65,0.6645569620253164,8879.275612592277,8879.275612592277,8879.275612592277,0.0,1.0,112.39240506329114,0.0,,0.0,,1.0,1.0,0,0,8879.275612592277,,1000,,-1,random,0.05,5,DMS_split,79
2,1000,0.4727272727272727,7037.3008793186955,7120.310662160813,5874.805770739754,0.5,0.3818181818181818,103.9047619047619,0.1818181818181818,115.7,0.4363636363636363,154.08333333333334,1.0,1.0,25,25,5964.31547357177,110.20833333333331,1000,,-1,random,0.05,6,MS_split,55
1,20,0.5181818181818182,5850.296225456861,5850.296225456861,5850.296225456861,0.0,1.0,106.36363636363636,0.0,,0.0,,1.0,1.0,0,0,5850.296225456861,,1000,,-1,random,0.05,6,DMS_split,55
2,1000,0.5,7703.224644857648,7789.224540074574,6660.724592466111,0.5,0.3770491803278688,107.1304347826087,0.1967213114754098,110.91666666666669,0.4262295081967213,150.30769230769232,1.0,1.0,25,25,6771.2671399852,110.15384615384616,1000,,-1,random,0.05,7,MS_split,61
1,17,0.6229508196721312,6600.222604881972,6600.222604881972,6600.222604881972,0.0,1.0,108.1967213114754,0.0,,0.0,,1.0,1.0,0,0,6600.222604881972,,1000,,-1,random,0.05,7,DMS_split,61
2,1000,0.4736842105263157,7253.258473327285,7479.251837833371,6256.755155580328,0.56,0.2807017543859649,107.75,0.2631578947368421,108.66666666666669,0.4561403508771929,149.96153846153845,1.0,1.0,28,28,6282.263670000794,109.73076923076924,1000,,-1,random,0.05,8,MS_split,57
1,79,0.4473684210526316,6207.2637359405235,6207.2637359405235,6207.2637359405235,0.0,1.0,108.89473684210526,0.0,,0.0,,1.0,1.0,0,0,6207.2637359405235,,1000,,-1,random,0.05,8,DMS_split,57
2,1000,0.5,7306.262705272649,7052.245882124565,6238.254293698607,0.4,0.5862068965517241,108.05882352941175,0.1034482758620689,107.5,0.3103448275862069,165.94444444444446,1.0,1.0,20,20,6275.255834803004,109.38888888888889,1000,,-1,random,0.05,9,MS_split,58
1,41,0.5517241379310345,6234.233177814961,6234.233177814961,6234.233177814961,0.0,1.0,107.48275862068964,0.0,,0.0,,1.0,1.0,0,0,6234.233177814961,,1000,,-1,random,0.05,9,DMS_split,58
2,1000,0.5373134328358209,8056.241209622267,8140.248095533492,7341.24465257788,0.4,0.5373134328358209,108.58333333333331,0.1791044776119403,112.5,0.2835820895522388,147.21052631578948,1.0,1.0,20,20,7366.2350924461825,107.42105263157896,1000,,-1,random,0.05,10,MS_split,67
1,30,0.5074626865671642,7353.24743974122,7353.24743974122,7353.24743974122,0.0,1.0,109.74626865671642,0.0,,0.0,,1.0,1.0,0,0,7353.24743974122,,1000,,-1,random,0.05,10,DMS_split,67
2,1000,0.6231884057971014,9384.243401100191,9486.245760053796,7636.244580576993,0.72,0.1594202898550724,105.1818181818182,0.1594202898550724,115.0,0.6811594202898551,148.12765957446808,1.0,1.0,36,36,7758.249024204911,113.93617021276596,1000,,-1,random,0.05,11,MS_split,69
1,644,0.5942028985507246,7621.242474785051,7621.242474785051,7621.242474785051,0.0,1.0,110.44927536231884,0.0,,0.0,,1.0,1.0,0,0,7621.242474785051,,1000,,-1,random,0.05,11,DMS_split,69
2,1000,0.6103896103896104,9878.245076160734,10008.20514616412,8514.725111162426,0.5,0.3506493506493506,107.14814814814817,0.2727272727272727,115.52380952380952,0.3766233766233766,157.20689655172413,1.0,1.0,25,25,8629.244895182494,114.06896551724138,1000,,-1,random,0.05,12,MS_split,77
1,43,0.6233766233766234,8474.234665890146,8474.234665890146,8474.234665890146,0.0,1.0,110.05194805194805,0.0,,0.0,,1.0,1.0,0,0,8474.234665890146,,1000,,-1,random,0.05,12,DMS_split,77
2,1000,0.6267605633802817,8466.278538534792,8457.252190404402,7769.765364469597,0.26,0.6197183098591549,105.88636363636364,0.1690140845070422,119.25,0.2112676056338028,158.4,1.0,1.0,13,13,7795.2656737799825,113.93333333333334,1000,,-1,random,0.05,13,MS_split,71
1,16,0.6408450704225352,7758.267606971559,7758.267606971559,7758.267606971559,0.0,1.0,109.26760563380282,0.0,,0.0,,1.0,1.0,0,0,7758.267606971559,,1000,,-1,random,0.05,13,DMS_split,71
2,1000,0.5514705882352942,8570.274839928285,8676.265241022247,7501.270040475266,0.48,0.3382352941176471,106.52173913043478,0.25,113.23529411764706,0.4117647058823529,149.82142857142858,1.0,1.0,24,24,7604.276265985283,114.17857142857144,1000,,-1,random,0.05,14,MS_split,68
1,58,0.5294117647058824,7516.250154697496,7516.250154697496,7516.250154697496,0.0,1.0,110.52941176470588,0.0,,0.0,,1.0,1.0,0,0,7516.250154697496,,1000,,-1,random,0.05,14,DMS_split,68
2,1000,0.4609375,8180.25754821872,8433.222705326136,6951.740126772428,0.54,0.296875,104.84210526315788,0.28125,112.94444444444444,0.421875,153.88888888888889,1.0,1.0,27,27,6979.225788540172,111.33333333333331,1000,,-1,random,0.05,15,MS_split,64
1,61,0.4765625,6924.248290524706,6924.248290524706,6924.248290524706,0.0,1.0,108.1875,0.0,,0.0,,1.0,1.0,0,0,6924.248290524706,,1000,,-1,random,0.05,15,DMS_split,64
2,1000,0.4924242424242424,8302.26130233748,7885.286449089583,7265.773875713531,0.34,0.4848484848484848,108.3125,0.2424242424242424,116.6875,0.2727272727272727,164.94444444444446,1.0,1.0,17,17,7371.270741990513,115.72222222222224,1000,,-1,random,0.05,16,MS_split,66
1,18,0.4696969696969697,7288.273708522841,7288.273708522841,7288.273708522841,0.0,1.0,110.42424242424242,0.0,,0.0,,1.0,1.0,0,0,7288.273708522841,,1000,,-1,random,0.05,16,DMS_split,66
2,1000,0.4666666666666667,6730.244709097634,6647.261016089171,6521.752862593403,0.14,0.8166666666666667,107.36734693877553,0.1,121.33333333333331,0.0833333333333333,148.2,1.0,1.0,7,7,6518.249731072377,105.0,1000,,-1,random,0.05,17,MS_split,60
1,204,0.5666666666666667,6551.241881953796,6551.241881953796,6551.241881953796,0.0,1.0,109.18333333333334,0.0,,0.0,,1.0,1.0,0,0,6551.241881953796,,1000,,-1,random,0.05,17,DMS_split,60
2,1000,0.5161290322580645,7629.256809166924,7641.265588213075,6741.761198689999,0.36,0.5483870967741935,106.76470588235294,0.1612903225806451,115.1,0.2903225806451613,158.22222222222223,1.0,1.0,18,18,6825.251488861106,113.11111111111111,1000,,-1,random,0.05,18,MS_split,62
1,79,0.6209677419354839,6690.266753402863,6690.266753402863,6690.266753402863,0.0,1.0,107.90322580645162,0.0,,0.0,,1.0,1.0,0,0,6690.266753402863,,1000,,-1,random,0.05,18,DMS_split,62
2,1000,0.5409836065573771,8387.273863696699,8303.247285058416,6631.2605743775575,0.68,0.1475409836065573,106.44444444444444,0.180327868852459,110.1818181818182,0.6721311475409836,151.6341463414634,1.0,1.0,34,34,6716.268861127022,111.65853658536584,1000,,-1,random,0.05,19,MS_split,61
1,19,0.5737704918032787,6605.261194994358,6605.261194994358,6605.261194994358,0.0,1.0,108.27868852459017,0.0,,0.0,,1.0,1.0,0,0,6605.261194994358,,1000,,-1,random,0.05,19,DMS_split,61
2,1000,0.7801724137931034,15315.233882425362,15443.253375180284,13506.243628802824,0.66,0.1896551724137931,113.0,0.3706896551724138,116.11627906976744,0.4396551724137931,153.64705882352942,1.0,1.0,33,33,13719.24475795054,118.05882352941175,1000,,-1,random,0.1,0,MS_split,116
1,121,0.7974137931034483,13507.244106091017,13507.244106091017,13507.244106091017,0.0,1.0,116.4396551724138,0.0,,0.0,,1.0,1.0,0,0,13507.244106091017,,1000,,-1,random,0.1,0,DMS_split,116
2,1000,0.75,14986.208040616228,14564.268102133869,12828.738071375048,0.6,0.2,112.1818181818182,0.3636363636363636,120.65,0.4363636363636363,160.25,1.0,1.0,30,30,13030.23835298876,119.54166666666669,1000,,-1,random,0.1,1,MS_split,110
1,191,0.7181818181818181,12776.224248239336,12776.224248239336,12776.224248239336,0.0,1.0,116.14545454545454,0.0,,0.0,,1.0,1.0,0,0,12776.224248239336,,1000,,-1,random,0.1,1,DMS_split,110
2,1000,0.7424242424242424,14716.226815337232,14800.236707107935,11378.731761222583,0.88,0.0202020202020202,121.0,0.1616161616161616,114.75,0.8181818181818182,156.02469135802468,1.0,1.0,44,44,11542.249881873782,116.4320987654321,1000,,-1,random,0.1,2,MS_split,99
1,220,0.7474747474747475,11421.21794015065,11421.21794015065,11421.21794015065,0.0,1.0,115.36363636363636,0.0,,0.0,,1.0,1.0,0,0,11421.21794015065,,1000,,-1,random,0.1,2,DMS_split,99
2,1000,0.8031496062992126,16539.230735923473,16787.195116391445,14967.21292615746,0.52,0.2992125984251969,113.73684210526316,0.3779527559055118,119.6875,0.3228346456692913,157.85365853658536,1.0,1.0,26,26,14940.179967114016,119.14634146341464,1000,,-1,random,0.1,3,MS_split,127
1,43,0.7992125984251969,15023.257272658046,15023.257272658046,15023.257272658046,0.0,1.0,118.29133858267716,0.0,,0.0,,1.0,1.0,0,0,15023.257272658046,,1000,,-1,random,0.1,3,DMS_split,127
2,1000,0.7256637168141593,14690.271189146848,14556.246146045069,12936.758667595956,0.6,0.2566371681415929,110.48275862068964,0.3539823008849557,117.55,0.3893805309734513,154.1818181818182,1.0,1.0,30,30,13087.254298598604,117.77272727272728,1000,,-1,random,0.1,4,MS_split,113
1,62,0.7522123893805309,12961.281529039106,12961.281529039106,12961.281529039106,0.0,1.0,114.6991150442478,0.0,,0.0,,1.0,1.0,0,0,12961.281529039106,,1000,,-1,random,0.1,4,DMS_split,113
2,1000,0.8369565217391305,19682.258815523895,19533.243666297,16367.25124091045,0.82,0.0507246376811594,115.14285714285714,0.2028985507246377,122.89285714285714,0.7463768115942029,149.85436893203882,1.0,1.0,41,41,16519.236012004585,120.41747572815534,1000,,-1,random,0.1,5,MS_split,138
1,20,0.782608695652174,16423.240595535874,16423.240595535874,16423.240595535874,0.0,1.0,119.0072463768116,0.0,,0.0,,1.0,1.0,0,0,16423.240595535874,,1000,,-1,random,0.1,5,DMS_split,138
2,1000,0.7072072072072072,15370.286041696643,15345.23920934652,12940.262625521582,0.68,0.1441441441441441,109.625,0.2432432432432432,118.11111111111111,0.6126126126126126,153.33823529411765,1.0,1.0,34,34,13207.221796046788,122.75,1000,,-1,random,0.1,6,MS_split,111
1,22,0.6306306306306306,12975.272978557718,12975.272978557718,12975.272978557718,0.0,1.0,116.89189189189187,0.0,,0.0,,1.0,1.0,0,0,12975.272978557718,,1000,,-1,random,0.1,6,DMS_split,111
2,1000,0.7637795275590551,18165.21314753149,18161.252742178927,15030.232944855208,0.84,0.0472440944881889,111.16666666666669,0.1811023622047244,116.0,0.7716535433070866,151.3265306122449,1.0,1.0,42,42,15107.227326945202,120.0204081632653,1000,,-1,random,0.1,7,MS_split,127
1,24,0.8110236220472441,15047.231065534545,15047.231065534545,15047.231065534545,0.0,1.0,118.48031496062993,0.0,,0.0,,1.0,1.0,0,0,15047.231065534545,,1000,,-1,random,0.1,7,DMS_split,127
2,1000,0.7047244094488189,16970.240922861776,16841.252163474135,15078.246543167956,0.6,0.1496062992125984,110.52631578947368,0.4251968503937008,121.92592592592592,0.4251968503937008,153.44444444444446,1.0,1.0,30,30,15183.258471579082,123.16666666666669,1000,,-1,random,0.1,8,MS_split,127
1,59,0.7755905511811023,14977.264668074837,14977.264668074837,14977.264668074837,0.0,1.0,117.92913385826772,0.0,,0.0,,1.0,1.0,0,0,14977.264668074837,,1000,,-1,random,0.1,8,DMS_split,127
2,1000,0.6201923076923077,14201.233393760052,14512.25471804642,12215.244055903237,0.7,0.1634615384615384,112.41176470588236,0.2692307692307692,120.92857142857144,0.5673076923076923,150.91525423728814,1.0,1.0,35,35,12448.228505685252,119.28813559322032,1000,,-1,random,0.1,9,MS_split,104
1,311,0.7163461538461539,12098.261715047594,12098.261715047594,12098.261715047594,0.0,1.0,116.32692307692308,0.0,,0.0,,1.0,1.0,0,0,12098.261715047594,,1000,,-1,random,0.1,9,DMS_split,104
2,1000,0.6870229007633588,17905.22707511194,17345.232834253115,15643.229954682529,0.66,0.1297709923664122,112.11764705882354,0.3816793893129771,126.26,0.4885496183206106,151.34375,1.0,1.0,33,33,15898.223833067474,122.4375,1000,,-1,random,0.1,10,MS_split,131
1,50,0.7900763358778626,15582.241799262369,15582.241799262369,15582.241799262369,0.0,1.0,118.9465648854962,0.0,,0.0,,1.0,1.0,0,0,15582.241799262369,,1000,,-1,random,0.1,10,DMS_split,131
2,1000,0.7364341085271318,18632.264104466736,18291.247251948593,15333.755678207664,0.84,0.0387596899224806,120.4,0.2713178294573643,120.22857142857144,0.689922480620155,155.3033707865169,1.0,1.0,42,42,15428.242106862856,118.08988764044943,1000,,-1,random,0.1,11,MS_split,129
1,77,0.7364341085271318,15430.296146616713,15430.296146616713,15430.296146616713,0.0,1.0,119.6124031007752,0.0,,0.0,,1.0,1.0,0,0,15430.296146616713,,1000,,-1,random,0.1,11,DMS_split,129
2,1000,0.8074074074074075,17405.255311243287,17243.257007464093,15986.256159353688,0.48,0.4074074074074074,115.72727272727272,0.3333333333333333,120.31111111111112,0.2592592592592592,160.74285714285713,1.0,1.0,24,24,16049.259371354949,118.54285714285714,1000,,-1,random,0.1,12,MS_split,135
1,68,0.8481481481481481,15941.26771955111,15941.26771955111,15941.26771955111,0.0,1.0,118.08148148148148,0.0,,0.0,,1.0,1.0,0,0,15941.26771955111,,1000,,-1,random,0.1,12,DMS_split,135
2,1000,0.7461538461538462,18807.234693750168,18483.225860016013,15403.23027688309,0.9,0.0076923076923076,104.0,0.1538461538461538,118.7,0.8384615384615385,149.80733944954127,1.0,1.0,45,45,15720.238158289643,121.61467889908256,1000,,-1,random,0.1,13,MS_split,130
1,220,0.8307692307692308,15333.218825237098,15333.218825237098,15333.218825237098,0.0,1.0,117.94615384615383,0.0,,0.0,,1.0,1.0,0,0,15333.218825237098,,1000,,-1,random,0.1,13,DMS_split,130
2,1000,0.7943548387096774,16714.256629914722,16339.22484467992,14673.24073729732,0.6,0.2177419354838709,114.48148148148148,0.3629032258064516,119.73333333333332,0.4193548387096774,158.3653846153846,1.0,1.0,30,30,14714.238049034684,120.78846153846152,1000,,-1,random,0.1,14,MS_split,124
1,267,0.7903225806451613,14624.247102111069,14624.247102111069,14624.247102111069,0.0,1.0,117.93548387096774,0.0,,0.0,,1.0,1.0,0,0,14624.247102111069,,1000,,-1,random,0.1,14,DMS_split,124
2,1000,0.7236842105263158,14530.25798519946,14410.25155127725,13306.754768238356,0.42,0.4385964912280701,112.48,0.2719298245614035,119.35483870967742,0.2894736842105263,157.75757575757575,1.0,1.0,21,21,13459.255312966636,125.75757575757576,1000,,-1,random,0.1,15,MS_split,114
1,68,0.75,13323.270220660248,13323.270220660248,13323.270220660248,0.0,1.0,116.86842105263158,0.0,,0.0,,1.0,1.0,0,0,13323.270220660248,,1000,,-1,random,0.1,15,DMS_split,114
2,1000,0.7669172932330827,18744.262406485825,19223.272913893736,15930.76766018978,0.8,0.0676691729323308,112.11111111111111,0.2556390977443609,116.55882352941175,0.6766917293233082,153.0222222222222,1.0,1.0,40,40,16113.256343643578,121.86666666666666,1000,,-1,random,0.1,16,MS_split,133
1,63,0.8383458646616542,15726.232099606495,15726.232099606495,15726.232099606495,0.0,1.0,118.2406015037594,0.0,,0.0,,1.0,1.0,0,0,15726.232099606495,,1000,,-1,random,0.1,16,DMS_split,133
2,1000,0.7247706422018348,14117.249063235678,14399.26133157073,12704.755197403205,0.6,0.1926605504587156,110.61904761904762,0.3302752293577982,119.27777777777776,0.4770642201834862,144.23076923076923,1.0,1.0,30,30,12930.246019193524,122.84615384615384,1000,,-1,random,0.1,17,MS_split,109
1,85,0.7201834862385321,12593.259312819648,12593.259312819648,12593.259312819648,0.0,1.0,115.53211009174312,0.0,,0.0,,1.0,1.0,0,0,12593.259312819648,,1000,,-1,random,0.1,17,DMS_split,109
2,1000,0.8023255813953488,18101.249543826107,18058.246774099363,15139.748158962731,0.8,0.1085271317829457,112.57142857142856,0.2170542635658914,122.71428571428572,0.6744186046511628,150.44827586206895,1.0,1.0,40,40,15397.263648493685,121.86206896551724,1000,,-1,random,0.1,18,MS_split,129
1,54,0.751937984496124,15299.262615885253,15299.262615885253,15299.262615885253,0.0,1.0,118.5968992248062,0.0,,0.0,,1.0,1.0,0,0,15299.262615885253,,1000,,-1,random,0.1,18,DMS_split,129
2,1000,0.7456896551724138,15910.230898160007,16198.235033497118,13604.732965828563,0.7,0.0948275862068965,110.9090909090909,0.3017241379310345,118.11428571428571,0.603448275862069,150.8,1.0,1.0,35,35,13781.232818784603,118.87142857142857,1000,,-1,random,0.1,19,MS_split,116
1,82,0.7456896551724138,13585.249655279327,13585.249655279327,13585.249655279327,0.0,1.0,117.11206896551724,0.0,,0.0,,1.0,1.0,0,0,13585.249655279327,,1000,,-1,random,0.1,19,DMS_split,116
2,1000,0.8518518518518519,32404.249362731807,32787.23754671183,30317.24345472182,0.56,0.2139917695473251,116.76923076923076,0.419753086419753,127.31372549019608,0.3662551440329218,149.95505617977528,1.0,1.0,28,28,30273.212328455043,127.3932584269663,1000,,-1,random,0.2,0,MS_split,243
1,30,0.9197530864197532,30365.240496262308,30365.240496262308,30365.240496262308,0.0,1.0,124.95884773662551,0.0,,0.0,,1.0,1.0,0,0,30365.240496262308,,1000,,-1,random,0.2,0,DMS_split,243
2,1000,0.8542600896860987,31514.24368182365,31918.24866810615,27788.246174964897,0.8,0.0538116591928251,118.0,0.273542600896861,125.01639344262296,0.672645739910314,149.81333333333333,1.0,1.0,40,40,28057.24687493816,127.59333333333332,1000,,-1,random,0.2,1,MS_split,223
1,53,0.8475336322869955,27620.21399347689,27620.21399347689,27620.21399347689,0.0,1.0,123.85650224215247,0.0,,0.0,,1.0,1.0,0,0,27620.21399347689,,1000,,-1,random,0.2,1,DMS_split,223
2,1000,0.8258196721311475,31759.262893116527,31751.23056723284,30540.246730174684,0.4,0.4180327868852459,120.70588235294116,0.4057377049180328,129.03030303030303,0.1762295081967213,155.1860465116279,1.0,1.0,20,20,30473.251461413613,121.55813953488372,1000,,-1,random,0.2,2,MS_split,244
1,70,0.8135245901639344,30407.249984572845,30407.249984572845,30407.249984572845,0.0,1.0,124.6188524590164,0.0,,0.0,,1.0,1.0,0,0,30407.249984572845,,1000,,-1,random,0.2,2,DMS_split,244
2,1000,0.8650793650793651,36327.232507610504,36008.23766733859,31696.735087474543,0.88,0.0158730158730158,115.25,0.2023809523809523,126.19607843137256,0.7817460317460317,149.39086294416245,1.0,1.0,44,44,31997.216311835833,128.7969543147208,1000,,-1,random,0.2,3,MS_split,252
1,63,0.8551587301587301,32032.272182397628,32032.272182397628,32032.272182397628,0.0,1.0,127.11111111111111,0.0,,0.0,,1.0,1.0,0,0,32032.272182397628,,1000,,-1,random,0.2,3,DMS_split,252
2,1000,0.8849372384937239,33394.26510282226,34291.266098957334,30101.2656008898,0.76,0.0920502092050209,120.5909090909091,0.3179916317991632,126.44736842105264,0.5899581589958159,149.86524822695034,1.0,1.0,38,38,30222.24592839677,127.92198581560284,1000,,-1,random,0.2,4,MS_split,239
1,79,0.8723849372384938,29973.238233243646,29973.238233243646,29973.238233243646,0.0,1.0,125.4100418410042,0.0,,0.0,,1.0,1.0,0,0,29973.238233243646,,1000,,-1,random,0.2,4,DMS_split,239
2,1000,0.958490566037736,36516.244212175705,36520.249017739014,33655.24661495736,0.66,0.1283018867924528,119.73529411764706,0.4415094339622641,127.008547008547,0.430188679245283,154.25438596491227,1.0,1.0,33,33,33721.27751693467,129.05263157894737,1000,,-1,random,0.2,5,MS_split,265
1,112,0.9018867924528302,33480.2461298241,33480.2461298241,33480.2461298241,0.0,1.0,126.33962264150944,0.0,,0.0,,1.0,1.0,0,0,33480.2461298241,,1000,,-1,random,0.2,5,DMS_split,265
2,1000,0.913716814159292,31448.255146748303,31594.23727378989,28186.2462102691,0.7,0.1150442477876106,121.3846153846154,0.3761061946902654,128.3294117647059,0.5088495575221239,151.16521739130434,1.0,1.0,35,35,28400.247976576757,127.81739130434782,1000,,-1,random,0.2,6,MS_split,226
1,118,0.8584070796460177,28169.23678969363,28169.23678969363,28169.23678969363,0.0,1.0,124.641592920354,0.0,,0.0,,1.0,1.0,0,0,28169.23678969363,,1000,,-1,random,0.2,6,DMS_split,226
2,1000,0.9247104247104247,36407.25344266369,36394.2881297872,32666.270786225446,0.74,0.0926640926640926,123.16666666666669,0.3243243243243243,128.51190476190476,0.583011583011583,150.03973509933775,1.0,1.0,37,37,32852.29102560422,129.4437086092715,1000,,-1,random,0.2,7,MS_split,259
1,45,0.8687258687258688,32573.242933072914,32573.242933072914,32573.242933072914,0.0,1.0,125.76447876447877,0.0,,0.0,,1.0,1.0,0,0,32573.242933072914,,1000,,-1,random,0.2,7,DMS_split,259
2,1000,0.8829787234042553,34341.279145498105,34058.23664916107,29425.257897329582,0.92,0.0042553191489361,103.0,0.1446808510638297,127.79411764705884,0.851063829787234,149.465,1.0,1.0,46,46,29584.264152355143,125.71,1000,,-1,random,0.2,8,MS_split,235
1,50,0.8404255319148937,29315.26542259965,29315.26542259965,29315.26542259965,0.0,1.0,124.74468085106383,0.0,,0.0,,1.0,1.0,0,0,29315.26542259965,,1000,,-1,random,0.2,8,DMS_split,235
2,1000,0.8441558441558441,33965.22177193903,33366.2152884997,28802.718530219365,0.84,0.0303030303030303,118.85714285714286,0.2727272727272727,125.7936507936508,0.696969696969697,156.57142857142858,1.0,1.0,42,42,29475.217755183945,129.75776397515529,1000,,-1,random,0.2,9,MS_split,231
1,141,0.8571428571428571,29108.253854017097,29108.253854017097,29108.253854017097,0.0,1.0,126.008658008658,0.0,,0.0,,1.0,1.0,0,0,29108.253854017097,,1000,,-1,random,0.2,9,DMS_split,231
2,1000,0.8947368421052632,34877.253391763545,34263.27511736249,31077.76425456302,0.72,0.068825910931174,116.17647058823528,0.4129554655870445,125.90196078431372,0.5182186234817814,156.71875,1.0,1.0,36,36,31541.246915933338,128.546875,1000,,-1,random,0.2,10,MS_split,247
1,66,0.8987854251012146,31224.247203749994,31224.247203749994,31224.247203749994,0.0,1.0,126.41295546558705,0.0,,0.0,,1.0,1.0,0,0,31224.247203749994,,1000,,-1,random,0.2,10,DMS_split,247
2,1000,0.8625498007968128,34252.23979917552,34234.24162586585,31686.240712520685,0.6,0.1912350597609561,117.10416666666669,0.4302788844621514,128.9814814814815,0.3784860557768924,154.74736842105264,1.0,1.0,30,30,31739.23976138476,125.3578947368421,1000,,-1,random,0.2,11,MS_split,251
1,105,0.8924302788844621,31580.237582860955,31580.237582860955,31580.237582860955,0.0,1.0,125.81673306772907,0.0,,0.0,,1.0,1.0,0,0,31580.237582860955,,1000,,-1,random,0.2,11,DMS_split,251
2,1000,0.892578125,34952.25870576597,35089.233600072555,32214.746152919262,0.6,0.19140625,114.9795918367347,0.42578125,131.88073394495413,0.3828125,152.4795918367347,1.0,1.0,30,30,32577.248548576354,130.5,1000,,-1,random,0.2,12,MS_split,256
1,88,0.89453125,32488.228951432797,32488.228951432797,32488.228951432797,0.0,1.0,126.90625,0.0,,0.0,,1.0,1.0,0,0,32488.228951432797,,1000,,-1,random,0.2,12,DMS_split,256
2,1000,0.8787878787878788,31941.260662972323,31456.218807244863,28899.739735108593,0.64,0.1774891774891775,122.09756097560977,0.3939393939393939,127.18681318681318,0.4285714285714285,155.16161616161617,1.0,1.0,32,32,29024.216364824788,125.97979797979798,1000,,-1,random,0.2,13,MS_split,231
1,17,0.8787878787878788,28922.227135268797,28922.227135268797,28922.227135268797,0.0,1.0,125.2034632034632,0.0,,0.0,,1.0,1.0,0,0,28922.227135268797,,1000,,-1,random,0.2,13,DMS_split,231
2,1000,0.8988326848249028,36801.24996410196,37139.25038690035,32424.25017550116,0.8,0.0389105058365758,115.7,0.2879377431906614,123.98648648648648,0.6731517509727627,153.0,1.0,1.0,40,40,32580.26299792869,127.15028901734104,1000,,-1,random,0.2,14,MS_split,257
1,68,0.896887159533074,32386.25736331513,32386.25736331513,32386.25736331513,0.0,1.0,126.01556420233464,0.0,,0.0,,1.0,1.0,0,0,32386.25736331513,,1000,,-1,random,0.2,14,DMS_split,257
2,1000,0.8920704845814978,34224.261132645996,34204.25505557004,28451.75809410802,0.98,0.0,,0.026431718061674,114.5,0.973568281938326,151.75113122171945,1.0,1.0,49,49,28782.25418740144,126.7737556561086,1000,,-1,random,0.2,15,MS_split,227
1,58,0.8832599118942731,28347.274092026128,28347.274092026128,28347.274092026128,0.0,1.0,124.87665198237886,0.0,,0.0,,1.0,1.0,0,0,28347.274092026128,,1000,,-1,random,0.2,15,DMS_split,227
2,1000,0.8611111111111112,35532.2429399418,35890.21187834809,31869.227409144947,0.82,0.0277777777777777,111.57142857142856,0.3333333333333333,129.1547619047619,0.6388888888888888,148.45962732919256,1.0,1.0,41,41,32158.215033469136,129.29813664596273,1000,,-1,random,0.2,16,MS_split,252
1,83,0.8869047619047619,31766.253895570702,31766.253895570702,31766.253895570702,0.0,1.0,126.05555555555556,0.0,,0.0,,1.0,1.0,0,0,31766.253895570702,,1000,,-1,random,0.2,16,DMS_split,252
2,1000,0.8645833333333334,34111.29928392564,34147.20321205183,30221.751247988737,0.82,0.0416666666666666,108.4,0.3041666666666666,129.05479452054794,0.6541666666666667,150.35668789808918,1.0,1.0,41,41,30455.24808137069,128.0063694267516,1000,,-1,random,0.2,17,MS_split,240
1,227,0.8666666666666667,30073.24839462333,30073.24839462333,30073.24839462333,0.0,1.0,125.30416666666666,0.0,,0.0,,1.0,1.0,0,0,30073.24839462333,,1000,,-1,random,0.2,17,DMS_split,240
2,1000,0.878,34272.276294806616,35192.26699524635,31301.27164502648,0.66,0.156,116.15384615384616,0.416,128.08653846153845,0.428,153.46728971962617,1.0,1.0,33,33,31448.257978200058,128.10280373831776,1000,,-1,random,0.2,18,MS_split,250
1,54,0.858,31246.26387487507,31246.26387487507,31246.26387487507,0.0,1.0,124.984,0.0,,0.0,,1.0,1.0,0,0,31246.26387487507,,1000,,-1,random,0.2,18,DMS_split,250
2,1000,0.8607843137254902,37317.2481189914,37382.25585472273,32013.251986857067,0.9,0.0078431372549019,122.0,0.1843137254901961,126.97872340425532,0.807843137254902,150.99514563106797,1.0,1.0,45,45,32448.25645389675,127.54854368932038,1000,,-1,random,0.2,19,MS_split,255
1,232,0.8901960784313725,31965.249505709337,31965.249505709337,31965.249505709337,0.0,1.0,125.3529411764706,0.0,,0.0,,1.0,1.0,0,0,31965.249505709337,,1000,,-1,random,0.2,19,DMS_split,255
2,1000,0.92,48613.27207689138,48410.25311275405,45140.262594822714,0.6,0.1514285714285714,119.79245283018868,0.4514285714285714,133.63291139240508,0.3971428571428571,152.15827338129498,1.0,1.0,30,30,45311.27456284478,131.25899280575538,1000,,-1,random,0.3,0,MS_split,350
1,90,0.93,45376.24974139823,45376.24974139823,45376.24974139823,0.0,1.0,129.6457142857143,0.0,,0.0,,1.0,1.0,0,0,45376.24974139823,,1000,,-1,random,0.3,0,DMS_split,350
2,1000,0.9074585635359116,49898.24848630327,49617.255147662865,46808.251816983066,0.56,0.2375690607734806,123.6046511627907,0.4558011049723757,134.3212121212121,0.3066298342541436,154.0990990990991,1.0,1.0,28,28,46812.25500750592,132.76576576576576,1000,,-1,random,0.3,1,MS_split,362
1,28,0.9102209944751382,47020.21763126964,47020.21763126964,47020.21763126964,0.0,1.0,129.88950276243094,0.0,,0.0,,1.0,1.0,0,0,47020.21763126964,,1000,,-1,random,0.3,1,DMS_split,362
0,1000,0.9343163538873994,51957.26118557952,51786.25929006076,48287.76023782014,0.66,0.1528150134048257,121.05263157894736,0.4075067024128686,133.69736842105263,0.4396782841823056,150.8231707317073,1.0,1.0,33,33,48606.28156532236,132.8231707317073,1000,,-1,random,0.3,2,MS_split,373
1,278,0.9075067024128688,48296.27846863246,48296.27846863246,48296.27846863246,0.0,1.0,129.4798927613941,0.0,,0.0,,1.0,1.0,0,0,48296.27846863246,,1000,,-1,random,0.3,2,DMS_split,373
2,1000,0.907202216066482,52883.27554226648,52326.27797751469,46752.776759890585,0.84,0.0360110803324099,111.76923076923076,0.2465373961218836,131.31460674157304,0.7174515235457064,153.44787644787644,1.0,1.0,42,42,46962.27618083808,131.54826254826256,1000,,-1,random,0.3,3,MS_split,361
1,105,0.912742382271468,46953.24569901678,46953.24569901678,46953.24569901678,0.0,1.0,130.06371191135733,0.0,,0.0,,1.0,1.0,0,0,46953.24569901678,,1000,,-1,random,0.3,3,DMS_split,361
2,1000,0.9002890173410405,49936.26766851405,49574.28436492302,44625.27601671853,0.8,0.0433526011560693,121.93333333333334,0.2890173410404624,127.09,0.6676300578034682,153.23809523809524,1.0,1.0,40,40,44682.260059613174,131.4025974025974,1000,,-1,random,0.3,4,MS_split,346
1,95,0.9089595375722545,44933.26718394817,44933.26718394817,44933.26718394817,0.0,1.0,129.864161849711,0.0,,0.0,,1.0,1.0,0,0,44933.26718394817,,1000,,-1,random,0.3,4,DMS_split,346
2,1000,0.8933161953727506,58855.254830544895,59100.21732080163,50718.23607567326,0.98,0.0,,0.0282776349614395,119.9090909090909,0.9717223650385604,152.2116402116402,1.0,1.0,49,49,50992.24915632042,130.90740740740742,1000,,-1,random,0.3,5,MS_split,389
1,123,0.9652956298200516,50696.23811621849,50696.23811621849,50696.23811621849,0.0,1.0,130.32390745501286,0.0,,0.0,,1.0,1.0,0,0,50696.23811621849,,1000,,-1,random,0.3,5,DMS_split,389
2,1000,0.9041297935103244,48463.24220685094,49035.23111873318,43981.73666279206,0.82,0.0412979351032448,114.57142857142856,0.3185840707964602,132.53703703703704,0.640117994100295,149.97695852534562,1.0,1.0,41,41,44157.22957544645,132.1152073732719,1000,,-1,random,0.3,6,MS_split,339
1,51,0.9100294985250738,43826.230922251256,43826.230922251256,43826.230922251256,0.0,1.0,129.2802359882006,0.0,,0.0,,1.0,1.0,0,0,43826.230922251256,,1000,,-1,random,0.3,6,DMS_split,339
2,1000,0.8877005347593583,51925.24724917004,51089.26869484296,48512.757972006504,0.62,0.1737967914438502,123.4,0.481283422459893,133.18333333333334,0.3449197860962567,154.50387596899225,1.0,1.0,31,31,48681.24154910965,131.46511627906978,1000,,-1,random,0.3,7,MS_split,374
1,27,0.8890374331550802,48647.26318445808,48647.26318445808,48647.26318445808,0.0,1.0,130.07219251336898,0.0,,0.0,,1.0,1.0,0,0,48647.26318445808,,1000,,-1,random,0.3,7,DMS_split,374
2,1000,0.9441260744985672,52202.2769676251,52348.27694809039,45295.77695785774,0.94,0.0028653295128939,174.0,0.1232091690544412,131.65116279069767,0.8739255014326648,152.02295081967213,1.0,1.0,47,47,45901.29825574594,132.2065573770492,1000,,-1,random,0.3,8,MS_split,349
1,105,0.9312320916905444,45155.244978402145,45155.244978402145,45155.244978402145,0.0,1.0,129.3839541547278,0.0,,0.0,,1.0,1.0,0,0,45155.244978402145,,1000,,-1,random,0.3,8,DMS_split,349
2,1000,0.9254742547425474,54100.256779039,52826.234258726116,47668.74551888256,0.82,0.032520325203252,117.16666666666669,0.3035230352303523,133.03571428571428,0.6639566395663956,154.26122448979592,1.0,1.0,41,41,48059.24668527767,131.62448979591838,1000,,-1,random,0.3,9,MS_split,369
1,85,0.924119241192412,47650.22503261024,47650.22503261024,47650.22503261024,0.0,1.0,129.13279132791328,0.0,,0.0,,1.0,1.0,0,0,47650.22503261024,,1000,,-1,random,0.3,9,DMS_split,369
2,1000,0.9448924731182796,55312.25027429632,54108.21234731021,48267.23131080326,0.88,0.0134408602150537,112.8,0.2043010752688172,133.67105263157896,0.782258064516129,153.22680412371133,1.0,1.0,44,44,48899.23543358162,132.29209621993127,1000,,-1,random,0.3,10,MS_split,372
1,123,0.928763440860215,48452.217266417945,48452.217266417945,48452.217266417945,0.0,1.0,130.247311827957,0.0,,0.0,,1.0,1.0,0,0,48452.217266417945,,1000,,-1,random,0.3,10,DMS_split,372
2,1000,0.9028497409326424,55451.248304220906,55707.23823724035,50192.74327073063,0.82,0.0259067357512953,118.5,0.2746113989637305,130.0,0.6994818652849741,149.94814814814814,1.0,1.0,41,41,50759.240350512635,133.3925925925926,1000,,-1,random,0.3,11,MS_split,386
1,43,0.9158031088082902,50326.229220001194,50326.229220001194,50326.229220001194,0.0,1.0,130.3782383419689,0.0,,0.0,,1.0,1.0,0,0,50326.229220001194,,1000,,-1,random,0.3,11,DMS_split,386
2,1000,0.8841145833333334,53737.231299903935,54938.239233731976,49862.73526681796,0.76,0.0598958333333333,123.52173913043478,0.3619791666666667,127.66187050359711,0.578125,149.32882882882882,1.0,1.0,38,38,50027.23967460728,132.75675675675674,1000,,-1,random,0.3,12,MS_split,384
1,85,0.93359375,49983.236738791325,49983.236738791325,49983.236738791325,0.0,1.0,130.1640625,0.0,,0.0,,1.0,1.0,0,0,49983.236738791325,,1000,,-1,random,0.3,12,DMS_split,384
2,1000,0.9291784702549576,50665.236715938765,50331.24703275451,45695.74187434664,0.8,0.0396600566572237,117.92857142857144,0.3172804532577903,132.91964285714286,0.6430594900849859,150.33920704845815,1.0,1.0,40,40,45935.2775828136,131.29955947136563,1000,,-1,random,0.3,13,MS_split,353
1,74,0.9575070821529744,45814.23175449987,45814.23175449987,45814.23175449987,0.0,1.0,129.78470254957506,0.0,,0.0,,1.0,1.0,0,0,45814.23175449987,,1000,,-1,random,0.3,13,DMS_split,353
2,1000,0.9262295081967212,51732.27024272794,52205.24420507962,47433.25722390378,0.8,0.0437158469945355,116.25,0.3087431693989071,128.56637168141592,0.6475409836065574,149.13080168776372,1.0,1.0,40,40,47464.24945532033,130.915611814346,1000,,-1,random,0.3,14,MS_split,366
1,33,0.8743169398907104,47477.27405839397,47477.27405839397,47477.27405839397,0.0,1.0,129.71857923497268,0.0,,0.0,,1.0,1.0,0,0,47477.27405839397,,1000,,-1,random,0.3,14,DMS_split,366
2,1000,0.969529085872576,50533.245593872074,50941.216851864934,46877.231222868504,0.66,0.1191135734072022,122.97674418604652,0.4265927977839335,131.47402597402598,0.4542936288088642,152.4268292682927,1.0,1.0,33,33,47226.21635743039,130.32926829268294,1000,,-1,random,0.3,15,MS_split,361
1,46,0.9168975069252078,46886.21211363649,46886.21211363649,46886.21211363649,0.0,1.0,129.8781163434903,0.0,,0.0,,1.0,1.0,0,0,46886.21211363649,,1000,,-1,random,0.3,15,DMS_split,361
2,1000,0.9166666666666666,53061.23762908212,52808.24244289225,47743.24003598719,0.82,0.0273224043715847,118.6,0.3169398907103825,130.3706896551724,0.6557377049180327,153.13333333333333,1.0,1.0,41,41,48080.25352398579,131.19583333333333,1000,,-1,random,0.3,16,MS_split,366
1,34,0.9631147540983608,47714.22507012446,47714.22507012446,47714.22507012446,0.0,1.0,130.36612021857923,0.0,,0.0,,1.0,1.0,0,0,47714.22507012446,,1000,,-1,random,0.3,16,DMS_split,366
2,1000,0.952316076294278,53543.254430917514,53127.24451368147,47734.749472299496,0.84,0.0354223433242506,116.46153846153848,0.2670299727520436,132.8877551020408,0.6975476839237057,152.3671875,1.0,1.0,42,42,47888.23828289714,132.109375,1000,,-1,random,0.3,17,MS_split,367
1,42,0.9209809264305178,47585.25470944689,47585.25470944689,47585.25470944689,0.0,1.0,129.65940054495914,0.0,,0.0,,1.0,1.0,0,0,47585.25470944689,,1000,,-1,random,0.3,17,DMS_split,367
2,1000,0.9304461942257218,54747.232466405665,54665.228286641475,49638.23037652357,0.76,0.0551181102362204,120.23809523809524,0.3674540682414698,133.27857142857144,0.5774278215223098,152.5590909090909,1.0,1.0,38,38,50033.249164332854,132.62272727272727,1000,,-1,random,0.3,18,MS_split,381
1,62,0.9278215223097112,49667.22609569972,49667.22609569972,49667.22609569972,0.0,1.0,130.35958005249344,0.0,,0.0,,1.0,1.0,0,0,49667.22609569972,,1000,,-1,random,0.3,18,DMS_split,381
2,1000,0.9366576819407008,51743.23154091585,51515.2661232808,47991.748832098325,0.66,0.1482479784366576,119.32727272727271,0.4258760107816711,132.13291139240508,0.4258760107816711,153.81645569620252,1.0,1.0,33,33,48127.24758227306,132.28481012658227,1000,,-1,random,0.3,19,MS_split,371
1,23,0.9474393530997304,48457.240179710774,48457.240179710774,48457.240179710774,0.0,1.0,130.61185983827494,0.0,,0.0,,1.0,1.0,0,0,48457.240179710774,,1000,,-1,random,0.3,19,DMS_split,371
2,1000,0.959915611814346,70208.23294919526,70016.27270823122,62625.75282871324,0.88,0.0126582278481012,109.5,0.2130801687763713,134.67326732673268,0.7742616033755274,152.44959128065395,1.0,1.0,44,44,63538.24621606507,135.09809264305176,1000,,-1,random,0.4,0,MS_split,474
1,121,0.9156118143459916,62654.25205142752,62654.25205142752,62654.25205142752,0.0,1.0,132.18143459915612,0.0,,0.0,,1.0,1.0,0,0,62654.25205142752,,1000,,-1,random,0.4,0,DMS_split,474
2,1000,0.9251012145748988,68122.249286011,69401.21971270279,65364.7344993569,0.58,0.1963562753036437,127.0721649484536,0.4595141700404858,134.70484581497797,0.3441295546558704,148.34117647058824,1.0,1.0,29,29,65836.24320409104,136.09411764705882,1000,,-1,random,0.4,1,MS_split,494
1,240,0.9139676113360324,65215.22627273592,65215.22627273592,65215.22627273592,0.0,1.0,132.01417004048582,0.0,,0.0,,1.0,1.0,0,0,65215.22627273592,,1000,,-1,random,0.4,1,DMS_split,494
2,1000,0.9267782426778244,70166.23336015423,70622.26021681735,63205.2467884858,0.88,0.0146443514644351,130.85714285714286,0.200836820083682,127.6875,0.7845188284518828,151.97866666666667,1.0,1.0,44,44,63646.242564374035,134.18666666666667,1000,,-1,random,0.4,2,MS_split,478
1,88,0.9456066945606696,63049.21767650683,63049.21767650683,63049.21767650683,0.0,1.0,131.90167364016736,0.0,,0.0,,1.0,1.0,0,0,63049.21767650683,,1000,,-1,random,0.4,2,DMS_split,478
2,1000,0.8940936863543788,70070.2600894547,70699.26984908992,64765.76496927231,0.76,0.0570264765784114,125.82142857142856,0.3604887983706721,134.37853107344634,0.5824847250509165,149.5174825174825,1.0,1.0,38,38,64868.26841838421,133.63286713286712,1000,,-1,random,0.4,3,MS_split,491
1,173,0.9582484725050916,64981.238240180835,64981.238240180835,64981.238240180835,0.0,1.0,132.34419551934826,0.0,,0.0,,1.0,1.0,0,0,64981.238240180835,,1000,,-1,random,0.4,3,DMS_split,491
2,1000,0.9630021141649048,69662.2330679671,69882.23527980401,62248.234173885554,0.92,0.0042283298097251,122.0,0.1458773784355179,130.2463768115942,0.8498942917547568,150.32587064676616,1.0,1.0,46,46,62703.23612289473,133.17164179104478,1000,,-1,random,0.4,4,MS_split,473
1,25,0.9143763213530656,62774.24781099146,62774.24781099146,62774.24781099146,0.0,1.0,132.71458773784354,0.0,,0.0,,1.0,1.0,0,0,62774.24781099146,,1000,,-1,random,0.4,4,DMS_split,473
2,1000,0.9692460317460316,73721.24677437385,73042.25195217732,66724.7493632756,0.82,0.0396825396825396,123.3,0.2619047619047619,135.03030303030303,0.6984126984126984,151.79261363636363,1.0,1.0,41,41,66936.24717606851,133.3181818181818,1000,,-1,random,0.4,5,MS_split,504
1,152,0.9404761904761904,66644.26990987174,66644.26990987174,66644.26990987174,0.0,1.0,132.2301587301587,0.0,,0.0,,1.0,1.0,0,0,66644.26990987174,,1000,,-1,random,0.4,5,DMS_split,504
2,1000,0.91995841995842,69817.2882188439,70286.26529857263,63394.77675870826,0.86,0.027027027027027,125.15384615384616,0.2203742203742204,133.32075471698113,0.7525987525987526,149.3314917127072,1.0,1.0,43,43,64050.29386801526,134.02762430939225,1000,,-1,random,0.4,6,MS_split,481
1,43,0.8731808731808732,63635.24605464379,63635.24605464379,63635.24605464379,0.0,1.0,132.2972972972973,0.0,,0.0,,1.0,1.0,0,0,63635.24605464379,,1000,,-1,random,0.4,6,DMS_split,481
2,1000,0.9433198380566802,72242.25439333895,71269.25922938231,65437.25681136063,0.8,0.0465587044534413,123.82608695652172,0.3076923076923077,134.625,0.645748987854251,153.38871473354232,1.0,1.0,40,40,65782.25286295514,133.84952978056427,1000,,-1,random,0.4,7,MS_split,494
1,112,0.9382591093117408,65705.26018109605,65705.26018109605,65705.26018109605,0.0,1.0,133.00607287449392,0.0,,0.0,,1.0,1.0,0,0,65705.26018109605,,1000,,-1,random,0.4,7,DMS_split,494
2,1000,0.9372427983539094,67796.22431747438,67285.22587659105,64530.22509703271,0.58,0.1810699588477366,127.45454545454544,0.5061728395061729,135.77642276422765,0.3127572016460905,152.4934210526316,1.0,1.0,29,29,64572.216349163675,136.23026315789474,1000,,-1,random,0.4,8,MS_split,486
1,55,0.934156378600823,64628.212784491494,64628.212784491494,64628.212784491494,0.0,1.0,132.97942386831275,0.0,,0.0,,1.0,1.0,0,0,64628.212784491494,,1000,,-1,random,0.4,8,DMS_split,486
2,1000,0.9526209677419356,71446.25967701689,71371.27470693491,65671.7671919759,0.74,0.064516129032258,125.1875,0.3830645161290322,135.32105263157894,0.5524193548387096,152.29562043795622,1.0,1.0,37,37,65857.27376479462,135.24087591240877,1000,,-1,random,0.4,9,MS_split,496
1,34,0.938508064516129,65693.26256404923,65693.26256404923,65693.26256404923,0.0,1.0,132.44556451612902,0.0,,0.0,,1.0,1.0,0,0,65693.26256404923,,1000,,-1,random,0.4,9,DMS_split,496
2,1000,0.9484126984126984,72685.22425306823,72429.22363219812,66700.22394263318,0.82,0.0317460317460317,129.25,0.3194444444444444,131.93167701863354,0.6488095238095238,150.99694189602445,1.0,1.0,41,41,66948.22489605236,134.19571865443424,1000,,-1,random,0.4,10,MS_split,504
1,131,0.9712301587301588,66851.26362845315,66851.26362845315,66851.26362845315,0.0,1.0,132.640873015873,0.0,,0.0,,1.0,1.0,0,0,66851.26362845315,,1000,,-1,random,0.4,10,DMS_split,504
2,1000,0.9568138195777351,72144.26144483201,72684.25559994881,69142.75852239042,0.58,0.2092130518234165,126.27522935779815,0.4529750479846449,135.8177966101695,0.3378119001919386,149.58522727272728,1.0,1.0,29,29,69407.24936842915,136.875,1000,,-1,random,0.4,11,MS_split,521
1,42,0.9596928982725528,69050.25026205371,69050.25026205371,69050.25026205371,0.0,1.0,132.53358925143954,0.0,,0.0,,1.0,1.0,0,0,69050.25026205371,,1000,,-1,random,0.4,11,DMS_split,521
2,1000,0.90020366598778,69136.22187986037,69313.25727476316,64813.73957731177,0.66,0.1242362525458248,127.36065573770492,0.4358452138492871,131.81308411214954,0.439918533604888,153.51388888888889,1.0,1.0,33,33,65110.25751007808,133.50925925925927,1000,,-1,random,0.4,12,MS_split,491
1,75,0.9266802443991852,65100.26722717875,65100.26722717875,65100.26722717875,0.0,1.0,132.5865580448065,0.0,,0.0,,1.0,1.0,0,0,65100.26722717875,,1000,,-1,random,0.4,12,DMS_split,491
2,1000,0.953125,69871.26177152019,70586.22133805444,63617.74155478732,0.86,0.025,108.91666666666669,0.2333333333333333,133.32142857142858,0.7416666666666667,150.65168539325842,1.0,1.0,43,43,63743.26450484384,133.73876404494382,1000,,-1,random,0.4,13,MS_split,480
1,34,0.9739583333333334,63610.24768386587,63610.24768386587,63610.24768386587,0.0,1.0,132.52083333333334,0.0,,0.0,,1.0,1.0,0,0,63610.24768386587,,1000,,-1,random,0.4,13,DMS_split,480
2,1000,0.9423076923076924,72694.26721888197,71788.25439988384,65132.260809382904,0.88,0.0161943319838056,127.375,0.2186234817813765,134.50925925925927,0.7651821862348178,151.1851851851852,1.0,1.0,44,44,66194.25369110251,134.28571428571428,1000,,-1,random,0.4,14,MS_split,494
1,66,0.9382591093117408,65174.22365397865,65174.22365397865,65174.22365397865,0.0,1.0,131.93117408906883,0.0,,0.0,,1.0,1.0,0,0,65174.22365397865,,1000,,-1,random,0.4,14,DMS_split,494
2,1000,0.9400871459694988,66495.31259447933,67177.26742147087,60473.2900079751,0.84,0.0305010893246187,128.28571428571428,0.2549019607843137,132.93162393162393,0.7145969498910676,149.83536585365854,1.0,1.0,42,42,60767.296299980066,133.70426829268294,1000,,-1,random,0.4,15,MS_split,459
1,50,0.8976034858387799,60394.23932948514,60394.23932948514,60394.23932948514,0.0,1.0,131.57734204793027,0.0,,0.0,,1.0,1.0,0,0,60394.23932948514,,1000,,-1,random,0.4,15,DMS_split,459
2,1000,0.9233193277310924,69575.24463186192,68259.22492482373,62931.73477834283,0.82,0.0441176470588235,120.71428571428572,0.296218487394958,134.8581560283688,0.6596638655462185,152.94585987261146,1.0,1.0,41,41,63447.24188530246,133.23566878980893,1000,,-1,random,0.4,16,MS_split,476
1,102,0.9338235294117648,62915.24869773404,62915.24869773404,62915.24869773404,0.0,1.0,132.17436974789916,0.0,,0.0,,1.0,1.0,0,0,62915.24869773404,,1000,,-1,random,0.4,16,DMS_split,476
2,1000,0.9601593625498008,74419.23541188664,75017.25115552862,66642.74328370762,0.94,0.0019920318725099,144.0,0.1195219123505976,134.08333333333334,0.8784860557768924,150.1814058956916,1.0,1.0,47,47,66788.2361593336,133.43537414965985,1000,,-1,random,0.4,17,MS_split,502
1,97,0.9442231075697212,66845.21721282347,66845.21721282347,66845.21721282347,0.0,1.0,133.15737051792829,0.0,,0.0,,1.0,1.0,0,0,66845.21721282347,,1000,,-1,random,0.4,17,DMS_split,502
2,1000,0.9484848484848484,74738.22219375109,72872.24340234254,65304.23279804682,0.94,0.004040404040404,109.5,0.0969696969696969,130.89583333333334,0.898989898989899,153.33932584269664,1.0,1.0,47,47,65616.22757104716,133.56629213483146,1000,,-1,random,0.4,18,MS_split,495
1,18,0.9161616161616162,66076.24455463032,66076.24455463032,66076.24455463032,0.0,1.0,133.4868686868687,0.0,,0.0,,1.0,1.0,0,0,66076.24455463032,,1000,,-1,random,0.4,18,DMS_split,495
2,1000,0.9561586638830898,68850.22081754489,69104.25770649523,63292.23926202007,0.78,0.0417536534446764,126.1,0.3778705636743215,135.34254143646407,0.5803757828810021,150.47122302158274,1.0,1.0,39,39,63796.26620707371,132.62589928057554,1000,,-1,random,0.4,19,MS_split,479
1,84,0.931106471816284,63506.26306354168,63506.26306354168,63506.26306354168,0.0,1.0,132.580375782881,0.0,,0.0,,1.0,1.0,0,0,63506.26306354168,,1000,,-1,random,0.4,19,DMS_split,479
2,1000,0.9811977715877436,106460.27212958764,106990.2449121432,97004.25852086542,0.96,0.0013927576601671,110.0,0.0793871866295264,127.05263157894736,0.9192200557103064,150.16363636363636,1.0,1.0,48,48,97754.25914310284,136.16969696969696,1000,,-1,random,0.6,0,MS_split,718
1,144,0.9108635097493036,97368.2524105376,97368.2524105376,97368.2524105376,0.0,1.0,135.6100278551532,0.0,,0.0,,1.0,1.0,0,0,97368.2524105376,,1000,,-1,random,0.6,0,DMS_split,718
2,1000,0.9605809128630706,103230.26068849117,102577.25103930304,97693.75586389712,0.66,0.1230982019363762,130.8876404494382,0.4439834024896265,137.99688473520249,0.4329183955739972,151.06709265175718,1.0,1.0,33,33,98262.27179702786,137.629392971246,1000,,-1,random,0.6,1,MS_split,723
1,112,0.95850622406639,97182.22328286008,97182.22328286008,97182.22328286008,0.0,1.0,134.4149377593361,0.0,,0.0,,1.0,1.0,0,0,97182.22328286008,,1000,,-1,random,0.6,1,DMS_split,723
2,1000,0.9951590594744122,106316.27716208402,106345.2397397883,97485.25845093616,0.84,0.0276625172890733,127.05,0.255878284923928,134.55135135135134,0.7164591977869986,152.28378378378378,1.0,1.0,42,42,97356.28182320876,134.9189189189189,13,1.0,0,random,0.6,2,MS_split,723
1,59,0.9564315352697096,97675.2313178664,97675.2313178664,97675.2313178664,0.0,1.0,135.09681881051176,0.0,,0.0,,1.0,1.0,0,0,97675.2313178664,,1000,,-1,random,0.6,2,DMS_split,723
2,1000,0.9531886024423338,108132.21584909476,106795.26271671103,99610.23928290293,0.84,0.0298507462686567,127.6818181818182,0.2645861601085482,138.77948717948718,0.7055630936227951,150.50192307692308,1.0,1.0,42,42,99801.225082621,135.65,1000,,-1,random,0.6,3,MS_split,737
1,45,0.9416553595658074,99680.26750363832,99680.26750363832,99680.26750363832,0.0,1.0,135.25101763907733,0.0,,0.0,,1.0,1.0,0,0,99680.26750363832,,1000,,-1,random,0.6,3,DMS_split,737
2,1000,0.9754558204768584,104006.24893086642,103733.22843670948,96635.73868378796,0.8,0.035063113604488,124.36,0.3380084151472651,136.32365145228215,0.6269284712482468,152.2214765100671,1.0,1.0,40,40,96995.23219860558,136.40268456375838,1000,,-1,random,0.6,4,MS_split,713
1,29,0.9684431977559608,96331.26763525572,96331.26763525572,96331.26763525572,0.0,1.0,135.10659186535764,0.0,,0.0,,1.0,1.0,0,0,96331.26763525572,,1000,,-1,random,0.6,4,DMS_split,713
2,1000,0.922875816993464,109709.23465003398,110379.268534611,103115.75159232249,0.76,0.0640522875816993,128.9387755102041,0.3738562091503268,138.6153846153846,0.5620915032679739,148.24883720930234,1.0,1.0,38,38,103453.24755840952,135.52558139534884,1000,,-1,random,0.6,5,MS_split,765
1,208,0.9111111111111112,103849.25550856398,103849.25550856398,103849.25550856398,0.0,1.0,135.7503267973856,0.0,,0.0,,1.0,1.0,0,0,103849.25550856398,,1000,,-1,random,0.6,5,DMS_split,765
2,1000,0.9649725274725276,109095.2852870769,109807.23835884598,98555.26182296145,0.98,0.0,,0.0329670329670329,137.95833333333334,0.967032967032967,150.26136363636363,1.0,1.0,49,49,99876.2632066912,137.14204545454547,26,1.0,0,random,0.6,6,MS_split,728
1,50,0.9368131868131868,98553.2681078477,98553.2681078477,98553.2681078477,0.0,1.0,135.375,0.0,,0.0,,1.0,1.0,0,0,98553.2681078477,,1000,,-1,random,0.6,6,DMS_split,728
2,1000,0.9932523616734144,107374.22148599828,105969.23388841932,100286.2276872088,0.68,0.1025641025641025,130.6578947368421,0.4129554655870445,139.61111111111111,0.4844804318488529,152.4317548746518,1.0,1.0,34,34,100386.23217927448,136.44568245125348,21,1.0,0,random,0.6,7,MS_split,741
1,50,0.9662618083670717,100657.23912090145,100657.23912090145,100657.23912090145,0.0,1.0,135.83940620782727,0.0,,0.0,,1.0,1.0,0,0,100657.23912090145,,1000,,-1,random,0.6,7,DMS_split,741
2,1000,0.9786269430051814,112745.23729321524,111459.2640463211,104699.75066976815,0.8,0.0401554404145077,128.48387096774192,0.3316062176165803,139.48828125,0.6282383419689119,150.62474226804125,1.0,1.0,40,40,105335.25701669473,135.7319587628866,1000,,-1,random,0.6,8,MS_split,772
1,70,0.9669689119170984,105566.2244318754,105566.2244318754,105566.2244318754,0.0,1.0,136.74352331606218,0.0,,0.0,,1.0,1.0,0,0,105566.2244318754,,1000,,-1,random,0.6,8,DMS_split,772
2,1000,0.95,103466.2699901037,104453.2275535404,98567.24877182204,0.66,0.1095890410958904,133.625,0.4452054794520548,134.3846153846154,0.4452054794520548,151.08,1.0,1.0,33,33,98830.24095374852,138.31076923076924,1000,,-1,random,0.6,9,MS_split,730
1,218,0.9527397260273972,98862.249744469,98862.249744469,98862.249744469,0.0,1.0,135.42739726027398,0.0,,0.0,,1.0,1.0,0,0,98862.249744469,,1000,,-1,random,0.6,9,DMS_split,730
2,1000,0.9591700133868808,100887.2639243544,101623.2714215146,100559.7676729345,0.2,0.6345381526104418,131.71729957805908,0.3306559571619812,140.23076923076923,0.0348058902275769,146.76923076923077,1.0,1.0,10,10,100591.27609651646,147.23076923076923,1000,,-1,random,0.6,10,MS_split,747
1,26,0.9009370816599732,101570.24216341348,101570.24216341348,101570.24216341348,0.0,1.0,135.97054886211512,0.0,,0.0,,1.0,1.0,0,0,101570.24216341348,,1000,,-1,random,0.6,10,DMS_split,747
2,1000,0.975496688741722,107978.23230056714,108237.2090242886,102603.22066242786,0.68,0.1033112582781456,126.76923076923076,0.4490066225165562,138.43657817109144,0.447682119205298,151.36094674556213,1.0,1.0,34,34,102568.21927336024,135.69526627218934,1000,,-1,random,0.6,11,MS_split,755
1,67,0.9470198675496688,102675.22531201578,102675.22531201578,102675.22531201578,0.0,1.0,135.9933774834437,0.0,,0.0,,1.0,1.0,0,0,102675.22531201578,,1000,,-1,random,0.6,11,DMS_split,755
2,1000,0.9694019471488178,106472.23144882596,106216.2317991256,97340.7316239758,0.92,0.0069541029207232,131.4,0.1446453407510431,135.04807692307693,0.8484005563282336,150.44262295081967,1.0,1.0,46,46,98165.23275877917,136.9360655737705,1000,,-1,random,0.6,12,MS_split,719
1,393,0.935326842837274,97586.25037209746,97586.25037209746,97586.25037209746,0.0,1.0,135.72461752433935,0.0,,0.0,,1.0,1.0,0,0,97586.25037209746,,1000,,-1,random,0.6,12,DMS_split,719
2,1000,0.9675675675675676,108806.2446543874,106898.292763934,99859.76870916072,0.8,0.0486486486486486,119.5,0.3513513513513513,138.38846153846154,0.6,154.3310810810811,1.0,1.0,40,40,100193.25562336908,135.83333333333334,1000,,-1,random,0.6,13,MS_split,740
1,77,0.9641891891891892,100287.2475558028,100287.2475558028,100287.2475558028,0.0,1.0,135.52297297297298,0.0,,0.0,,1.0,1.0,0,0,100287.2475558028,,1000,,-1,random,0.6,13,DMS_split,740
2,1000,0.97724039829303,103035.23740021346,101787.24364296257,95238.740521588,0.78,0.0497866287339971,129.0,0.3541963015647226,137.29317269076304,0.5960170697012802,153.5417661097852,1.0,1.0,39,39,95947.23699415024,138.63007159904535,1000,,-1,random,0.6,14,MS_split,703
1,38,0.972972972972973,95251.25382546074,95251.25382546074,95251.25382546074,0.0,1.0,135.49217638691323,0.0,,0.0,,1.0,1.0,0,0,95251.25382546074,,1000,,-1,random,0.6,14,DMS_split,703
2,1000,0.9631432545201668,102552.22665126264,102308.27307341922,96972.74986234092,0.68,0.1001390820584144,127.70833333333331,0.4353268428372739,137.7699680511182,0.4645340751043115,150.40419161676647,1.0,1.0,34,34,97388.25755949458,135.2305389221557,1000,,-1,random,0.6,15,MS_split,719
1,68,0.9833101529902644,97211.23685305916,97211.23685305916,97211.23685305916,0.0,1.0,135.2030598052851,0.0,,0.0,,1.0,1.0,0,0,97211.23685305916,,1000,,-1,random,0.6,15,DMS_split,719
2,1000,0.9831223628691984,105775.24994117615,105568.23626971146,96291.2431054438,0.9,0.0098452883263009,125.28571428571428,0.180028129395218,135.6328125,0.810126582278481,151.97395833333334,1.0,1.0,45,45,96365.25046219247,136.0,1000,,-1,random,0.6,16,MS_split,711
1,121,0.939521800281294,96809.23236146626,96809.23236146626,96809.23236146626,0.0,1.0,136.15893108298172,0.0,,0.0,,1.0,1.0,0,0,96809.23236146626,,1000,,-1,random,0.6,16,DMS_split,711
2,1000,0.930686406460296,109698.22178299312,109392.2329898854,100799.22738643926,0.86,0.0148048452220726,128.9090909090909,0.2462987886944818,134.60109289617486,0.7388963660834454,152.36429872495447,1.0,1.0,43,43,100935.23890973636,137.01092896174865,1000,,-1,random,0.6,17,MS_split,743
1,48,0.9562584118438762,100513.28404659314,100513.28404659314,100513.28404659314,0.0,1.0,135.2799461641992,0.0,,0.0,,1.0,1.0,0,0,100513.28404659314,,1000,,-1,random,0.6,17,DMS_split,743
2,1000,0.9604166666666668,102243.24233268296,102315.24485238784,97342.2435925354,0.66,0.1208333333333333,128.94252873563218,0.4513888888888889,137.32923076923078,0.4277777777777777,150.62662337662337,1.0,1.0,33,33,97713.234707028,136.3409090909091,1000,,-1,random,0.6,18,MS_split,720
1,36,0.9819444444444444,97435.22276847671,97435.22276847671,97435.22276847671,0.0,1.0,135.32638888888889,0.0,,0.0,,1.0,1.0,0,0,97435.22276847671,,1000,,-1,random,0.6,18,DMS_split,720
2,1000,0.946749654218534,105341.25496969292,104892.23063605532,97771.74280287413,0.82,0.0290456431535269,128.33333333333334,0.293222683264177,136.85849056603774,0.677731673582296,150.26938775510203,1.0,1.0,41,41,98381.224324683,136.67755102040817,1000,,-1,random,0.6,19,MS_split,723
1,47,0.9474412171507608,97940.25476914586,97940.25476914586,97940.25476914586,0.0,1.0,135.46334716459197,0.0,,0.0,,1.0,1.0,0,0,97940.25476914586,,1000,,-1,random,0.6,19,DMS_split,723
2,1000,0.9720207253886012,145767.220846781,145546.24522660725,132534.23303669415,1.0,0.0,,0.0,,1.0,151.0538860103627,1.0,1.0,50,50,132136.25787503563,136.9284974093264,1000,,-1,random,0.8,0,MS_split,965
1,119,0.9430051813471504,132963.21922814642,132963.21922814642,132963.21922814642,0.0,1.0,137.78549222797926,0.0,,0.0,,1.0,1.0,0,0,132963.21922814642,,1000,,-1,random,0.8,0,DMS_split,965
2,1000,0.988577362409138,140199.20042485173,142207.24500448874,131403.72271467024,0.84,0.0197300103842159,127.21052631578948,0.2658359293873312,135.15625,0.7144340602284528,149.97383720930233,1.0,1.0,42,42,132004.24077007154,138.4360465116279,1000,,-1,random,0.8,1,MS_split,963
1,41,0.9678089304257528,131381.21405167546,131381.21405167546,131381.21405167546,0.0,1.0,136.4288681204569,0.0,,0.0,,1.0,1.0,0,0,131381.21405167546,,1000,,-1,random,0.8,1,DMS_split,963
2,1000,0.9393782383419688,139913.25274538793,139735.24014288184,132164.7464441349,0.8,0.0362694300518134,126.62857142857143,0.3253886010362694,138.5764331210191,0.6383419689119171,149.2987012987013,1.0,1.0,40,40,132218.2354879553,137.99188311688312,1000,,-1,random,0.8,2,MS_split,965
1,31,0.977720207253886,132943.24572787504,132943.24572787504,132943.24572787504,0.0,1.0,137.76476683937824,0.0,,0.0,,1.0,1.0,0,0,132943.24572787504,,1000,,-1,random,0.8,2,DMS_split,965
2,1000,0.9787878787878788,144770.23711348366,144794.29537032516,135775.7662419044,0.84,0.0252525252525252,130.2,0.2686868686868687,134.9436090225564,0.706060606060606,151.10157367668097,1.0,1.0,42,42,136314.25451346167,138.2689556509299,1000,,-1,random,0.8,3,MS_split,990
1,94,0.9656565656565655,135623.2818692133,135623.2818692133,135623.2818692133,0.0,1.0,136.9929292929293,0.0,,0.0,,1.0,1.0,0,0,135623.2818692133,,1000,,-1,random,0.8,3,DMS_split,990
2,1000,0.963477366255144,142839.2505667144,141655.26358022066,133294.2570734675,0.82,0.029835390946502,127.24137931034484,0.3024691358024691,139.3231292517007,0.6676954732510288,151.29121725731895,1.0,1.0,41,41,134051.2490424396,137.85670261941448,24,1.0,0,random,0.8,4,MS_split,972
1,32,0.9830246913580248,133625.26621017352,133625.26621017352,133625.26621017352,0.0,1.0,137.47427983539094,0.0,,0.0,,1.0,1.0,0,0,133625.26621017352,,1000,,-1,random,0.8,4,DMS_split,972
2,1000,0.962678936605317,141238.22568925787,140349.25755874347,134136.2416240007,0.66,0.1063394683026584,129.21153846153845,0.4580777096114519,139.23660714285714,0.4355828220858895,153.57276995305165,1.0,1.0,33,33,134660.23464840627,138.88732394366198,1000,,-1,random,0.8,5,MS_split,978
1,81,0.9478527607361964,134395.2334664887,134395.2334664887,134395.2334664887,0.0,1.0,137.41820040899796,0.0,,0.0,,1.0,1.0,0,0,134395.2334664887,,1000,,-1,random,0.8,5,DMS_split,978
2,1000,0.9843912591050988,139350.2505404481,141278.24566325115,131923.24810184963,0.82,0.0270551508844953,130.42307692307693,0.2976066597294485,135.6853146853147,0.6753381893860562,149.6964560862866,1.0,1.0,41,41,131843.2534184004,137.59784283513096,36,1.0,0,random,0.8,6,MS_split,961
1,96,0.9614984391259104,132067.23083591365,132067.23083591365,132067.23083591365,0.0,1.0,137.42663891779395,0.0,,0.0,,1.0,1.0,0,0,132067.23083591365,,1000,,-1,random,0.8,6,DMS_split,961
2,1000,0.9794661190965092,143332.2763178899,144591.27106974757,133293.77369381872,0.88,0.0112936344969199,121.54545454545456,0.2104722792607803,135.6,0.7782340862422998,150.655672823219,1.0,1.0,44,44,133725.2566090882,137.30738786279684,1000,,-1,random,0.8,7,MS_split,974
1,50,0.9861396303901436,133930.28345669495,133930.28345669495,133930.28345669495,0.0,1.0,137.50513347022587,0.0,,0.0,,1.0,1.0,0,0,133930.28345669495,,1000,,-1,random,0.8,7,DMS_split,974
2,1000,0.9413489736070382,150292.24089963554,149341.24487588485,140622.2428877602,0.84,0.0254154447702834,123.53846153846152,0.2727272727272727,139.48387096774192,0.7018572825024438,150.64623955431756,1.0,1.0,42,42,141510.22102899352,138.8857938718663,1000,,-1,random,0.8,8,MS_split,1023
1,23,0.9452590420332356,141037.26909089182,141037.26909089182,141037.26909089182,0.0,1.0,137.86608015640277,0.0,,0.0,,1.0,1.0,0,0,141037.26909089182,,1000,,-1,random,0.8,8,DMS_split,1023
2,1000,0.9741902834008096,144401.21921848142,144690.21037829242,135848.21479838694,0.8,0.0354251012145749,129.37142857142857,0.3218623481781376,137.48427672955975,0.6427125506072875,151.4220472440945,1.0,1.0,40,40,136200.20859656148,139.06614173228346,1000,,-1,random,0.8,9,MS_split,988
1,115,0.9832995951417004,135709.22940147194,135709.22940147194,135709.22940147194,0.0,1.0,137.35728744939271,0.0,,0.0,,1.0,1.0,0,0,135709.22940147194,,1000,,-1,random,0.8,9,DMS_split,988
2,1000,0.9670502092050208,140170.2768621495,140563.26012193895,131027.26849204424,0.82,0.0292887029288702,133.71428571428572,0.2949790794979079,138.58510638297872,0.6757322175732218,150.6888544891641,1.0,1.0,41,41,131130.24407992294,137.58513931888544,1000,,-1,random,0.8,10,MS_split,956
1,96,0.9879707112970711,131410.27602673066,131410.27602673066,131410.27602673066,0.0,1.0,137.4581589958159,0.0,,0.0,,1.0,1.0,0,0,131410.27602673066,,1000,,-1,random,0.8,10,DMS_split,956
2,1000,0.975,149313.27660986417,147899.22675523043,137264.2516825473,0.94,0.002,102.5,0.115,133.36521739130436,0.883,151.4960362400906,1.0,1.0,47,47,137354.2512300901,137.84824462061155,1000,,-1,random,0.8,11,MS_split,1000
1,84,0.9765,136998.27226162088,136998.27226162088,136998.27226162088,0.0,1.0,136.998,0.0,,0.0,,1.0,1.0,0,0,136998.27226162088,,1000,,-1,random,0.8,11,DMS_split,1000
2,1000,0.9593621399176956,146904.26666267516,146746.25152538987,133308.75909403252,1.0,0.0,,0.0,,1.0,151.1358024691358,1.0,1.0,50,50,134725.26651180274,138.6059670781893,1000,,-1,random,0.8,12,MS_split,972
1,57,0.9758230452674898,134052.25227918063,134052.25227918063,134052.25227918063,0.0,1.0,137.91358024691357,0.0,,0.0,,1.0,1.0,0,0,134052.25227918063,,1000,,-1,random,0.8,12,DMS_split,972
2,1000,0.9658976930792376,145209.22226001788,145888.22027705493,136783.7212685364,0.78,0.0461384152457372,127.6086956521739,0.3550651955867603,138.7683615819209,0.5987963891675026,151.11390284757118,1.0,1.0,39,39,137051.21370241404,138.20100502512562,1000,,-1,random,0.8,13,MS_split,997
1,31,0.9187562688064193,137013.23642575124,137013.23642575124,137013.23642575124,0.0,1.0,137.42527582748244,0.0,,0.0,,1.0,1.0,0,0,137013.23642575124,,1000,,-1,random,0.8,13,DMS_split,997
2,1000,0.9473953013278856,140627.25070143145,140787.26747892,134470.75909017574,0.72,0.0704800817160367,127.5072463768116,0.40755873340143,139.06516290726816,0.5219611848825332,149.3972602739726,1.0,1.0,36,36,134279.26547177468,138.3463796477495,1000,,-1,random,0.8,14,MS_split,979
1,133,0.9862104187946884,134086.2503192539,134086.2503192539,134086.2503192539,0.0,1.0,136.96220633299285,0.0,,0.0,,1.0,1.0,0,0,134086.2503192539,,1000,,-1,random,0.8,14,DMS_split,979
2,1000,0.9760692464358453,143026.2583225572,143236.266655527,134718.7624890421,0.8,0.0366598778004073,133.19444444444446,0.3146639511201629,136.40129449838187,0.6486761710794298,150.83673469387756,1.0,1.0,40,40,135586.27126556696,138.57142857142858,1000,,-1,random,0.8,15,MS_split,982
1,51,0.9633401221995926,134775.2738971482,134775.2738971482,134775.2738971482,0.0,1.0,137.24541751527494,0.0,,0.0,,1.0,1.0,0,0,134775.2738971482,,1000,,-1,random,0.8,15,DMS_split,982
2,1000,0.9837696335078534,142695.25625737722,141718.2137376146,131154.7349974959,0.96,0.0010471204188481,127.0,0.0732984293193717,135.3,0.92565445026178,150.56221719457014,1.0,1.0,48,48,132015.23626196632,138.08031674208144,1000,,-1,random,0.8,16,MS_split,955
1,25,0.9848167539267016,130964.2414011482,130964.2414011482,130964.2414011482,0.0,1.0,137.1350785340314,0.0,,0.0,,1.0,1.0,0,0,130964.2414011482,,1000,,-1,random,0.8,16,DMS_split,955
2,1000,0.987866531850354,143807.2527967105,143091.28590674585,135597.26935172817,0.8,0.0404448938321536,131.75,0.3185035389282103,137.9904761904762,0.641051567239636,149.95268138801262,1.0,1.0,40,40,136096.2640039094,137.67192429022083,1000,,-1,random,0.8,17,MS_split,989
1,74,0.9691607684529828,135941.30256103884,135941.30256103884,135941.30256103884,0.0,1.0,137.45298281092013,0.0,,0.0,,1.0,1.0,0,0,135941.30256103884,,1000,,-1,random,0.8,17,DMS_split,989
2,1000,0.9841836734693876,144346.22686904873,147067.2754822605,134397.75117565464,0.86,0.0173469387755102,126.94117647058825,0.2387755102040816,136.4059829059829,0.7438775510204082,151.2606310013717,1.0,1.0,43,43,135277.25900698287,138.33744855967078,1000,,-1,random,0.8,18,MS_split,980
1,57,0.9403061224489796,134666.26031959677,134666.26031959677,134666.26031959677,0.0,1.0,137.4142857142857,0.0,,0.0,,1.0,1.0,0,0,134666.26031959677,,1000,,-1,random,0.8,18,DMS_split,980
2,1000,0.9625256673511292,138778.24068135273,138624.25361422804,133544.2471477904,0.58,0.1765913757700205,132.54651162790697,0.4917864476386037,139.06054279749478,0.3316221765913758,152.8482972136223,1.0,1.0,29,29,134113.26250645457,140.88235294117646,1000,,-1,random,0.8,19,MS_split,974
1,45,0.9697125256673512,134444.2330136318,134444.2330136318,134444.2330136318,0.0,1.0,138.0328542094456,0.0,,0.0,,1.0,1.0,0,0,134444.2330136318,,1000,,-1,random,0.8,19,DMS_split,974
2,1000,0.9575510204081632,178551.27118203798,178719.2136480474,169663.74241504268,0.76,0.0538775510204081,134.6818181818182,0.3722448979591837,139.13815789473685,0.5738775510204082,151.0881934566145,1.0,1.0,38,38,170261.22271277104,138.78947368421052,1000,,-1,random,1.0,0,MS_split,1225
1,29,0.9808163265306122,170023.2349031007,170023.2349031007,170023.2349031007,0.0,1.0,138.7942857142857,0.0,,0.0,,1.0,1.0,0,0,170023.2349031007,,1000,,-1,random,1.0,0,DMS_split,1225
2,1000,0.986530612244898,177170.19938679377,176156.24045986115,169647.71992332747,0.66,0.1110204081632653,131.72794117647058,0.4579591836734694,140.53119429590018,0.4310204081632653,152.30492424242425,1.0,1.0,33,33,169370.22144917393,139.30113636363637,1000,,-1,random,1.0,1,MS_split,1225
1,49,0.9448979591836736,170182.22458762312,170182.22458762312,170182.22458762312,0.0,1.0,138.92408163265307,0.0,,0.0,,1.0,1.0,0,0,170182.22458762312,,1000,,-1,random,1.0,1,DMS_split,1225
2,1000,0.9910204081632652,179803.25007670888,179600.27822846416,169425.26415258652,0.8,0.036734693877551,137.17777777777778,0.3265306122448979,139.115,0.636734693877551,151.26153846153846,1.0,1.0,40,40,169519.2456407622,140.09102564102565,17,0.9979633401221996,1,random,1.0,2,MS_split,1225
1,40,0.9436734693877552,170410.27444795988,170410.27444795988,170410.27444795988,0.0,1.0,139.11020408163265,0.0,,0.0,,1.0,1.0,0,0,170410.27444795988,,1000,,-1,random,1.0,2,DMS_split,1225
2,1000,0.9844897959183674,180220.2662374756,179775.24074000068,169652.25348873815,0.86,0.0171428571428571,128.38095238095238,0.2457142857142857,139.58471760797343,0.7371428571428571,150.0653377630122,1.0,1.0,43,43,169441.23638747146,139.02104097452934,1000,,-1,random,1.0,3,MS_split,1225
1,109,0.9963265306122449,169560.240392377,169560.240392377,169560.240392377,0.0,1.0,138.41632653061225,0.0,,0.0,,1.0,1.0,0,0,169560.240392377,,120,1.0,0,random,1.0,3,DMS_split,1225
2,1000,0.9681632653061224,180865.27244918467,183461.2446239215,169343.2585365531,0.94,0.0024489795918367,139.0,0.1151020408163265,137.68085106382978,0.8824489795918368,148.9685476410731,1.0,1.0,47,47,170520.23519980017,139.0259019426457,1000,,-1,random,1.0,4,MS_split,1225
1,75,0.9881632653061224,169677.23988818444,169677.23988818444,169677.23988818444,0.0,1.0,138.51183673469387,0.0,,0.0,,1.0,1.0,0,0,169677.23988818444,,1000,,-1,random,1.0,4,DMS_split,1225
2,1000,0.9620408163265306,178711.23978956725,181247.2507006018,169707.24524508454,0.84,0.0228571428571428,127.53571428571428,0.2742857142857143,138.97321428571428,0.7028571428571428,149.18118466898954,1.0,1.0,42,42,169537.2429308642,139.21138211382114,1000,,-1,random,1.0,5,MS_split,1225
1,36,0.9861224489795918,169925.24570492783,169925.24570492783,169925.24570492783,0.0,1.0,138.71428571428572,0.0,,0.0,,1.0,1.0,0,0,169925.24570492783,,1000,,-1,random,1.0,5,DMS_split,1225
2,1000,0.9555102040816328,176854.27201611505,175958.2460399952,169440.75902805512,0.66,0.1110204081632653,132.85294117647058,0.4579591836734694,140.2139037433155,0.4310204081632653,151.75378787878788,1.0,1.0,33,33,169833.23717187304,139.9526515151515,1000,,-1,random,1.0,6,MS_split,1225
1,23,0.9955102040816326,169944.26920381628,169944.26920381628,169944.26920381628,0.0,1.0,138.72979591836736,0.0,,0.0,,1.0,1.0,0,0,169944.26920381628,,27,1.0,0,random,1.0,6,DMS_split,1225
2,1000,0.979591836734694,183608.24633015745,183575.25717679225,169198.25175347482,0.96,0.0008163265306122,155.0,0.0783673469387755,137.11458333333334,0.9208163265306124,150.9663120567376,1.0,1.0,48,48,170626.2627048247,139.46453900709218,1000,,-1,random,1.0,7,MS_split,1225
1,145,0.9885714285714284,169681.2378455892,169681.2378455892,169681.2378455892,0.0,1.0,138.51510204081632,0.0,,0.0,,1.0,1.0,0,0,169681.2378455892,,1000,,-1,random,1.0,7,DMS_split,1225
2,1000,0.9893877551020408,169764.2686194046,170174.27060068742,169249.769610046,0.14,0.7371428571428571,136.92580287929124,0.2457142857142857,141.75747508305648,0.0171428571428571,164.33333333333334,1.0,1.0,7,7,169304.26931522196,137.85714285714286,1000,,-1,random,1.0,8,MS_split,1225
1,140,0.9673469387755104,168964.24995564233,168964.24995564233,168964.24995564233,0.0,1.0,137.92979591836735,0.0,,0.0,,1.0,1.0,0,0,168964.24995564233,,1000,,-1,random,1.0,8,DMS_split,1225
2,1000,0.9681632653061224,181597.2222201734,180676.21943293116,169544.22082655228,0.88,0.0122448979591836,122.86666666666666,0.2155102040816326,140.29545454545453,0.7722448979591837,150.86257928118394,1.0,1.0,44,44,169723.21403558375,138.7801268498943,1000,,-1,random,1.0,9,MS_split,1225
1,46,0.9755102040816328,169895.20798526518,169895.20798526518,169895.20798526518,0.0,1.0,138.68979591836734,0.0,,0.0,,1.0,1.0,0,0,169895.20798526518,,1000,,-1,random,1.0,9,DMS_split,1225
2,1000,0.9767346938775512,175479.2498872899,174818.26564508188,168721.75776618588,0.62,0.1395918367346938,133.49122807017545,0.4808163265306122,139.96434634974534,0.3795918367346939,150.9956989247312,1.0,1.0,31,31,169228.2594713841,139.50752688172042,1000,,-1,random,1.0,10,MS_split,1225
1,29,0.979591836734694,170104.24627718917,170104.24627718917,170104.24627718917,0.0,1.0,138.8604081632653,0.0,,0.0,,1.0,1.0,0,0,170104.24627718917,,1000,,-1,random,1.0,10,DMS_split,1225
2,1000,0.9738775510204082,177976.2377234552,178659.24484837873,169254.24128591697,0.72,0.0742857142857142,130.67032967032966,0.4114285714285714,139.125,0.5142857142857142,152.32698412698412,1.0,1.0,36,36,169793.23919629116,139.23174603174604,1000,,-1,random,1.0,11,MS_split,1225
1,107,0.9946938775510203,168886.25596027434,168886.25596027434,168886.25596027434,0.0,1.0,137.86612244897958,0.0,,0.0,,1.0,1.0,0,0,168886.25596027434,,124,1.0,0,random,1.0,11,DMS_split,1225
2,1000,0.9889795918367348,181893.27048586457,184374.2103663092,169428.74042608688,0.96,0.0008163265306122,120.0,0.0783673469387755,142.67708333333334,0.9208163265306124,149.0035460992908,1.0,1.0,48,48,170411.20180652337,139.0434397163121,1000,,-1,random,1.0,12,MS_split,1225
1,65,0.9542857142857144,170054.2560322449,170054.2560322449,170054.2560322449,0.0,1.0,138.8195918367347,0.0,,0.0,,1.0,1.0,0,0,170054.2560322449,,1000,,-1,random,1.0,12,DMS_split,1225
2,1000,0.9816326530612244,182671.2591075095,183334.26542821067,169379.2622678601,0.96,0.0008163265306122,109.0,0.0783673469387755,139.46875,0.9208163265306124,149.97606382978722,1.0,1.0,48,48,169995.22727260145,139.09663120567376,1000,,-1,random,1.0,13,MS_split,1225
1,177,0.9836734693877552,169650.23363978753,169650.23363978753,169650.23363978753,0.0,1.0,138.48979591836735,0.0,,0.0,,1.0,1.0,0,0,169650.23363978753,,1000,,-1,random,1.0,13,DMS_split,1225
2,1000,0.9620408163265306,182534.2202089168,182035.2861161325,169376.25316252463,0.92,0.0048979591836734,129.33333333333334,0.150204081632653,139.42934782608697,0.8448979591836735,150.82415458937197,1.0,1.0,46,46,169680.24493658633,138.74685990338165,1000,,-1,random,1.0,14,MS_split,1225
1,62,0.980408163265306,169768.2273416421,169768.2273416421,169768.2273416421,0.0,1.0,138.58612244897958,0.0,,0.0,,1.0,1.0,0,0,169768.2273416421,,1000,,-1,random,1.0,14,DMS_split,1225
2,1000,0.9914285714285714,181055.29500535104,181397.27635531296,169498.28568033202,0.88,0.0122448979591836,130.6,0.2155102040816326,140.09848484848484,0.7722448979591837,150.22198731501058,1.0,1.0,44,44,169841.27256708324,138.81606765327697,43,1.0,0,random,1.0,15,MS_split,1225
1,34,0.9567346938775512,170310.25640809786,170310.25640809786,170310.25640809786,0.0,1.0,139.02857142857144,0.0,,0.0,,1.0,1.0,0,0,170310.25640809786,,1000,,-1,random,1.0,15,DMS_split,1225
2,1000,0.9644897959183674,180846.27973447976,180989.275733643,169646.77773406138,0.86,0.0171428571428571,120.95238095238096,0.2457142857142857,140.14950166112956,0.7371428571428571,150.74307862679956,1.0,1.0,43,43,170367.2609761379,139.97895902547066,1000,,-1,random,1.0,16,MS_split,1225
1,92,0.9710204081632652,169659.2678020335,169659.2678020335,169659.2678020335,0.0,1.0,138.49714285714285,0.0,,0.0,,1.0,1.0,0,0,169659.2678020335,,1000,,-1,random,1.0,16,DMS_split,1225
2,1000,0.9926530612244898,174631.24379049437,174351.25198898275,169286.74788973856,0.58,0.1714285714285714,133.22380952380954,0.4971428571428571,140.99014778325125,0.3314285714285714,149.73152709359607,1.0,1.0,29,29,169484.25197291386,139.77093596059115,45,1.0,0,random,1.0,17,MS_split,1225
1,38,0.9755102040816328,169186.23602751864,169186.23602751864,169186.23602751864,0.0,1.0,138.11102040816326,0.0,,0.0,,1.0,1.0,0,0,169186.23602751864,,1000,,-1,random,1.0,17,DMS_split,1225
2,1000,0.9775510204081632,180112.2578295357,179718.22723035235,169595.24252994402,0.84,0.0228571428571428,138.07142857142858,0.2742857142857143,139.80357142857142,0.7028571428571428,150.1416957026713,1.0,1.0,42,42,170348.23266829827,140.24970963995355,1000,,-1,random,1.0,18,MS_split,1225
1,15,0.9555102040816328,170605.23884671522,170605.23884671522,170605.23884671522,0.0,1.0,139.26938775510203,0.0,,0.0,,1.0,1.0,0,0,170605.23884671522,,1000,,-1,random,1.0,18,DMS_split,1225
2,1000,0.9591836734693876,182035.26824200508,182801.25551882965,169813.76188041738,0.94,0.0024489795918367,152.66666666666666,0.1151020408163265,138.34751773049646,0.8824489795918368,149.92599444958373,1.0,1.0,47,47,169974.25906160008,138.6290471785384,1000,,-1,random,1.0,19,MS_split,1225
1,65,0.936734693877551,169840.2755176907,169840.2755176907,169840.2755176907,0.0,1.0,138.64489795918368,0.0,,0.0,,1.0,1.0,0,0,169840.2755176907,,1000,,-1,random,1.0,19,DMS_split,1225
