period,freeze,final_commit,cost_x,cost_y,cost2_half,flip,edges_class0,cost_class0,edges_class1,cost_class1,edges_class2,cost_class2,x_is_br_of_y,y_is_br_of_x,single_moves_x,single_moves_y,greedy_from_x,cost_greedy_class2,t_commit99,br_steps,cost2_increases,family,density,seed,alg,edges,cost_rephased_min,rephased_single_moves
2,1000,0.41,6078.262503169234,6207.267056529602,5311.764779849418,0.4,0.48,103.54166666666669,0.14,108.85714285714286,0.38,149.0,1.0,1.0,20,20,5347.268327013424,110.3157894736842,1000,,-1,bipartite,0.05,0,MS_split,50,5308.248788830895,0
1,43,0.41,5298.282737680709,5298.282737680709,5298.282737680709,0.0,1.0,105.96,0.0,,0.0,,1.0,1.0,0,0,5298.282737680709,,1000,,-1,bipartite,0.05,0,DMS_split,50,5298.282737680709,0
2,1000,0.41,6329.230069384299,6651.250657675199,5310.740363529749,0.58,0.32,103.6875,0.16,108.25,0.52,146.30769230769232,1.0,1.0,29,29,5281.233617743531,107.23076923076924,1000,,-1,bipartite,0.05,1,MS_split,50,5279.2307430043,0
1,22,0.41,5273.228449855903,5273.228449855903,5273.228449855903,0.0,1.0,105.46,0.0,,0.0,,1.0,1.0,0,0,5273.228449855903,,1000,,-1,bipartite,0.05,1,DMS_split,50,5273.228449855903,0
2,1000,0.45,6286.232470696355,6151.2627185529145,5315.247594624635,0.5,0.46,105.8695652173913,0.06,101.0,0.48,147.83333333333334,1.0,1.0,25,25,5382.257109041146,109.5,1000,,-1,bipartite,0.05,2,MS_split,50,5315.227678409954,0
1,33,0.5,5297.2528560097935,5297.2528560097935,5297.2528560097935,0.0,1.0,105.94,0.0,,0.0,,1.0,1.0,0,0,5297.2528560097935,,1000,,-1,bipartite,0.05,2,DMS_split,50,5297.2528560097935,0
2,1000,0.3,5866.257969606342,5871.265743601412,5314.761856603877,0.28,0.62,105.09677419354838,0.14,117.0,0.24,149.08333333333334,1.0,1.0,14,14,5303.254664376919,108.5,1000,,-1,bipartite,0.05,3,MS_split,50,5300.263582492017,0
1,46,0.44,5274.267854671454,5274.267854671454,5274.267854671454,0.0,1.0,105.48,0.0,,0.0,,1.0,1.0,0,0,5274.267854671454,,1000,,-1,bipartite,0.05,3,DMS_split,50,5274.267854671454,0
2,1000,0.4285714285714285,6306.2629932981845,6276.253903289182,5170.258448293684,0.48,0.4081632653061224,102.9,0.1428571428571428,108.71428571428572,0.4489795918367347,158.5,1.0,1.0,24,24,5235.273799839016,110.22727272727272,1000,,-1,bipartite,0.05,4,MS_split,49,5161.250573744697,0
1,30,0.4081632653061224,5151.268117369994,5151.268117369994,5151.268117369994,0.0,1.0,105.12244897959184,0.0,,0.0,,1.0,1.0,0,0,5151.268117369994,,1000,,-1,bipartite,0.05,4,DMS_split,49,5151.268117369994,0
2,1000,0.5185185185185185,6393.233509838552,6333.2290188281395,5756.231264333346,0.4,0.5,106.22222222222224,0.2037037037037037,109.36363636363636,0.2962962962962963,145.125,1.0,1.0,20,20,5791.2346351217575,106.4375,1000,,-1,bipartite,0.05,5,MS_split,54,5738.223535927454,0
1,35,0.4629629629629629,5774.23895382589,5774.23895382589,5774.23895382589,0.0,1.0,106.92592592592592,0.0,,0.0,,1.0,1.0,0,0,5774.23895382589,,1000,,-1,bipartite,0.05,5,DMS_split,54,5774.23895382589,0
2,1000,0.3775510204081632,5407.217481556151,5401.209431626162,5164.7134565911565,0.12,0.8571428571428571,104.76190476190476,0.0612244897959183,114.0,0.0816326530612244,166.25,1.0,1.0,6,6,5161.211403338786,110.5,1000,,-1,bipartite,0.05,6,MS_split,49,5156.217106363391,0
1,13,0.3877551020408163,5156.217106363391,5156.217106363391,5156.217106363391,0.0,1.0,105.22448979591836,0.0,,0.0,,1.0,1.0,0,0,5156.217106363391,,1000,,-1,bipartite,0.05,6,DMS_split,49,5156.217106363391,0
2,1000,0.47,5584.240831534464,5727.242547588954,5319.241689561709,0.2,0.78,105.6153846153846,0.06,114.0,0.16,140.375,1.0,1.0,10,10,5321.240821349641,107.75,1000,,-1,bipartite,0.05,7,MS_split,50,5317.242557773777,0
1,20,0.48,5317.2411322756225,5317.2411322756225,5317.2411322756225,0.0,1.0,106.34,0.0,,0.0,,1.0,1.0,0,0,5317.2411322756225,,1000,,-1,bipartite,0.05,7,DMS_split,50,5317.2411322756225,0
2,1000,0.4285714285714285,6448.282968070347,6531.263668810802,5204.273318440575,0.52,0.4081632653061224,102.55,0.0816326530612244,122.0,0.5102040816326531,156.36,1.0,1.0,26,26,5234.2617101583155,107.8,1000,,-1,bipartite,0.05,8,MS_split,49,5174.2855683118105,0
1,15,0.4387755102040816,5174.2855683118105,5174.2855683118105,5174.2855683118105,0.0,1.0,105.59183673469389,0.0,,0.0,,1.0,1.0,0,0,5174.2855683118105,,1000,,-1,bipartite,0.05,8,DMS_split,49,5174.2855683118105,0
2,1000,0.4285714285714285,6501.245625416614,6982.235837843656,5224.740731630134,0.7,0.1428571428571428,102.57142857142856,0.1632653061224489,105.75,0.6938775510204082,145.2058823529412,1.0,1.0,35,35,5346.254310827856,111.97058823529412,1000,,-1,bipartite,0.05,9,MS_split,49,5216.229863571446,0
1,33,0.4387755102040816,5207.244513675899,5207.244513675899,5207.244513675899,0.0,1.0,106.26530612244898,0.0,,0.0,,1.0,1.0,0,0,5207.244513675899,,1000,,-1,bipartite,0.05,9,DMS_split,49,5207.244513675899,0
2,1000,0.4489795918367347,5232.239562145922,5227.243456563528,5132.241509354724,0.06,0.9387755102040816,104.6304347826087,0.0204081632653061,102.0,0.0408163265306122,158.5,1.0,1.0,3,3,5135.239937115885,104.5,1000,,-1,bipartite,0.05,10,MS_split,49,5129.243081593564,0
1,16,0.4489795918367347,5129.243081593564,5129.243081593564,5129.243081593564,0.0,1.0,104.6734693877551,0.0,,0.0,,1.0,1.0,0,0,5129.243081593564,,1000,,-1,bipartite,0.05,10,DMS_split,49,5129.243081593564,0
2,1000,0.4811320754716981,6737.247124402158,6787.239978836408,5635.243551619283,0.48,0.4150943396226415,103.4090909090909,0.1509433962264151,108.0,0.4339622641509434,156.43478260869566,1.0,1.0,24,24,5705.255532609027,109.3913043478261,1000,,-1,bipartite,0.05,11,MS_split,53,5634.2358574253385,0
1,40,0.4716981132075472,5634.2358574253385,5634.2358574253385,5634.2358574253385,0.0,1.0,106.30188679245283,0.0,,0.0,,1.0,1.0,0,0,5634.2358574253385,,1000,,-1,bipartite,0.05,11,DMS_split,53,5634.2358574253385,0
2,1000,0.35,5674.278903036827,5695.274324390989,5267.276613713908,0.24,0.7,105.02857142857142,0.08,103.5,0.22,144.0,1.0,1.0,12,12,5348.291068408598,114.36363636363636,1000,,-1,bipartite,0.05,12,MS_split,50,5260.264599035164,0
1,25,0.39,5274.288628392651,5274.288628392651,5274.288628392651,0.0,1.0,105.48,0.0,,0.0,,1.0,1.0,0,0,5274.288628392651,,1000,,-1,bipartite,0.05,12,DMS_split,50,5274.288628392651,0
2,1000,0.3979591836734694,5467.260351873335,5423.267065259367,5155.263708566351,0.16,0.8367346938775511,105.26829268292684,0.0204081632653061,106.0,0.1428571428571428,149.28571428571428,1.0,1.0,8,8,5173.275773730692,107.14285714285714,1000,,-1,bipartite,0.05,13,MS_split,49,5152.262829231064,0
1,22,0.3979591836734694,5154.255317852537,5154.255317852537,5154.255317852537,0.0,1.0,105.18367346938776,0.0,,0.0,,1.0,1.0,0,0,5154.255317852537,,1000,,-1,bipartite,0.05,13,DMS_split,49,5154.255317852537,0
2,1000,0.4019607843137255,6104.264244059714,6072.2545042016945,5387.259374130705,0.34,0.5686274509803921,104.20689655172414,0.1176470588235294,108.5,0.3137254901960784,151.9375,1.0,1.0,17,17,5394.263855025915,107.6875,1000,,-1,bipartite,0.05,14,MS_split,51,5381.2591791507975,0
1,519,0.3333333333333333,5402.271651556417,5402.271651556417,5402.271651556417,0.0,1.0,105.92156862745098,0.0,,0.0,,1.0,1.0,0,0,5402.271651556417,,1000,,-1,bipartite,0.05,14,DMS_split,51,5402.271651556417,0
2,1000,0.42,5957.249574830782,5955.2339318388385,5307.241753334811,0.3,0.68,105.88235294117646,0.06,114.66666666666669,0.26,154.84615384615384,1.0,1.0,15,15,5354.241966426711,108.84615384615384,1000,,-1,bipartite,0.05,15,MS_split,50,5296.244971489042,0
1,17,0.43,5296.244971489042,5296.244971489042,5296.244971489042,0.0,1.0,105.92,0.0,,0.0,,1.0,1.0,0,0,5296.244971489042,,1000,,-1,bipartite,0.05,15,DMS_split,50,5296.244971489042,0
1,12,0.47,5302.2438624707465,5302.2438624707465,5302.2438624707465,0.0,1.0,106.04,0.0,,0.0,,1.0,1.0,0,0,5302.2438624707465,,1000,,-1,bipartite,0.05,16,MS_split,50,5302.2438624707465,0
1,14,0.47,5302.2438624707465,5302.2438624707465,5302.2438624707465,0.0,1.0,106.04,0.0,,0.0,,1.0,1.0,0,0,5302.2438624707465,,1000,,-1,bipartite,0.05,16,DMS_split,50,5302.2438624707465,0
2,1000,0.4897959183673469,6388.261356033836,6553.254510743369,5263.257933388602,0.64,0.2857142857142857,104.21428571428572,0.0816326530612244,114.75,0.6326530612244898,144.19354838709677,1.0,1.0,32,32,5295.257827439567,108.80645161290325,1000,,-1,bipartite,0.05,17,MS_split,49,5244.255710567526,0
1,37,0.4387755102040816,5199.254795495243,5199.254795495243,5199.254795495243,0.0,1.0,106.10204081632654,0.0,,0.0,,1.0,1.0,0,0,5199.254795495243,,1000,,-1,bipartite,0.05,17,DMS_split,49,5199.254795495243,0
2,1000,0.4081632653061224,6216.266762797093,5991.24316697131,5201.254964884201,0.44,0.4285714285714285,103.33333333333331,0.1428571428571428,104.14285714285714,0.4285714285714285,157.95238095238096,1.0,1.0,22,22,5325.244720181142,114.04761904761904,1000,,-1,bipartite,0.05,18,MS_split,49,5157.2549372006915,0
1,41,0.4489795918367347,5157.2549372006915,5157.2549372006915,5157.2549372006915,0.0,1.0,105.24489795918367,0.0,,0.0,,1.0,1.0,0,0,5157.2549372006915,,1000,,-1,bipartite,0.05,18,DMS_split,49,5157.2549372006915,0
2,1000,0.4285714285714285,5504.244173939508,5447.261144164845,5164.752659052177,0.18,0.7755102040816326,105.28947368421052,0.0816326530612244,113.75,0.1428571428571428,149.71428571428572,1.0,1.0,9,9,5171.245720928178,102.85714285714286,1000,,-1,bipartite,0.05,19,MS_split,49,5160.250067198398,0
1,23,0.4081632653061224,5160.250067198398,5160.250067198398,5160.250067198398,0.0,1.0,105.3061224489796,0.0,,0.0,,1.0,1.0,0,0,5160.250067198398,,1000,,-1,bipartite,0.05,19,DMS_split,49,5160.250067198398,0
2,1000,0.4918032786885246,7968.214553219869,7621.21636803567,6613.71546062777,0.48,0.3442622950819672,103.04761904761904,0.2459016393442623,111.13333333333334,0.4098360655737705,165.48,1.0,1.0,24,24,6645.223186126031,111.56,1000,,-1,bipartite,0.1,0,MS_split,61,6609.216520759919,0
1,25,0.4426229508196721,6591.208566758661,6591.208566758661,6591.208566758661,0.0,1.0,108.04918032786884,0.0,,0.0,,1.0,1.0,0,0,6591.208566758661,,1000,,-1,bipartite,0.1,0,DMS_split,61,6591.208566758661,0
2,1000,0.5074626865671642,8781.259014003526,8529.260494327324,7347.259754165425,0.56,0.2985074626865671,107.3,0.2686567164179104,113.55555555555556,0.4328358208955223,158.31034482758622,1.0,1.0,28,28,7416.25295827202,108.86206896551724,1000,,-1,bipartite,0.1,1,MS_split,67,7337.252185267184,0
1,16,0.5522388059701493,7323.251997666793,7323.251997666793,7323.251997666793,0.0,1.0,109.29850746268656,0.0,,0.0,,1.0,1.0,0,0,7323.251997666793,,1000,,-1,bipartite,0.1,1,DMS_split,67,7323.251997666793,0
2,1000,0.609375,8128.244338357795,8781.218701153615,6990.731519755705,0.66,0.21875,105.92857142857144,0.140625,103.33333333333331,0.640625,139.390243902439,1.0,1.0,33,33,7120.24105012051,113.85365853658536,1000,,-1,bipartite,0.1,2,MS_split,64,6977.243021461481,0
1,68,0.625,6960.220698849308,6960.220698849308,6960.220698849308,0.0,1.0,108.75,0.0,,0.0,,1.0,1.0,0,0,6960.220698849308,,1000,,-1,bipartite,0.1,2,DMS_split,64,6960.220698849308,0
2,1000,0.4924242424242424,8487.247311278816,8622.243201852227,7216.245256565521,0.62,0.2424242424242424,105.9375,0.1969696969696969,113.76923076923076,0.5606060606060606,143.59459459459458,1.0,1.0,31,31,7285.247999712027,109.8108108108108,1000,,-1,bipartite,0.1,3,MS_split,66,7201.242767738385,0
1,22,0.4545454545454545,7260.26203325694,7260.26203325694,7260.26203325694,0.0,1.0,110.0,0.0,,0.0,,1.0,1.0,0,0,7260.26203325694,,1000,,-1,bipartite,0.1,3,DMS_split,66,7260.26203325694,0
2,1000,0.5615384615384615,8301.267592811431,8296.256516354686,7118.262054583059,0.54,0.3692307692307692,108.58333333333331,0.2153846153846154,113.35714285714286,0.4153846153846154,152.14814814814815,1.0,1.0,27,27,7201.255096404617,112.92592592592592,1000,,-1,bipartite,0.1,4,MS_split,65,7097.288780736853,0
1,32,0.5384615384615384,7107.251165306045,7107.251165306045,7107.251165306045,0.0,1.0,109.33846153846154,0.0,,0.0,,1.0,1.0,0,0,7107.251165306045,,1000,,-1,bipartite,0.1,4,DMS_split,65,7107.251165306045,0
2,1000,0.58,11447.247753990758,11574.23884077381,8423.243297382285,0.94,0.0266666666666666,107.5,0.0133333333333333,105.0,0.96,154.54166666666666,1.0,1.0,47,47,8707.232975139234,116.55555555555556,1000,,-1,bipartite,0.1,5,MS_split,75,8352.240127532332,0
1,33,0.64,8382.240223011184,8382.240223011184,8382.240223011184,0.0,1.0,111.76,0.0,,0.0,,1.0,1.0,0,0,8382.240223011184,,1000,,-1,bipartite,0.1,5,DMS_split,75,8382.240223011184,0
2,1000,0.6287878787878788,8344.274933423274,8308.266105825964,7255.270519624619,0.5,0.3484848484848485,106.56521739130434,0.2727272727272727,112.72222222222224,0.3787878787878788,154.56,1.0,1.0,25,25,7332.269575656066,114.08,1000,,-1,bipartite,0.1,6,MS_split,66,7245.275595778986,0
1,34,0.6287878787878788,7264.271641467976,7264.271641467976,7264.271641467976,0.0,1.0,110.06060606060606,0.0,,0.0,,1.0,1.0,0,0,7264.271641467976,,1000,,-1,bipartite,0.1,6,DMS_split,66,7264.271641467976,0
2,1000,0.4310344827586206,6575.26079144105,6956.254757301933,6241.757774371491,0.28,0.6379310344827587,106.67567567567568,0.1551724137931034,108.22222222222224,0.2068965517241379,137.83333333333334,1.0,1.0,14,14,6281.251294742576,109.66666666666669,1000,,-1,bipartite,0.1,7,MS_split,58,6229.261226101691,0
1,32,0.4051724137931034,6266.274735262761,6266.274735262761,6266.274735262761,0.0,1.0,108.03448275862068,0.0,,0.0,,1.0,1.0,0,0,6266.274735262761,,1000,,-1,bipartite,0.1,7,DMS_split,58,6266.274735262761,0
2,1000,0.5859375,7952.292643144263,7865.241917640406,7043.267280392335,0.36,0.546875,108.34285714285714,0.125,113.125,0.328125,155.0,1.0,1.0,18,18,7071.25494459329,111.0952380952381,1000,,-1,bipartite,0.1,8,MS_split,64,7041.265950982096,0
1,71,0.59375,7061.2650976500245,7061.2650976500245,7061.2650976500245,0.0,1.0,110.328125,0.0,,0.0,,1.0,1.0,0,0,7061.2650976500245,,1000,,-1,bipartite,0.1,8,DMS_split,64,7061.2650976500245,0
2,1000,0.423728813559322,7900.255770018259,8222.267448227309,6437.761609122784,0.72,0.135593220338983,103.0,0.2203389830508474,111.53846153846152,0.6440677966101694,148.05263157894737,1.0,1.0,36,36,6523.278369977709,111.8157894736842,1000,,-1,bipartite,0.1,9,MS_split,59,6436.262634097942,0
1,25,0.4406779661016949,6392.268532184191,6392.268532184191,6392.268532184191,0.0,1.0,108.33898305084746,0.0,,0.0,,1.0,1.0,0,0,6392.268532184191,,1000,,-1,bipartite,0.1,9,DMS_split,59,6392.268532184191,0
2,1000,0.5955882352941176,8605.254089651391,8702.2643819971,7499.759235824245,0.5,0.3823529411764705,108.84615384615384,0.25,116.17647058823528,0.3676470588235294,152.0,1.0,1.0,25,25,7584.267669287996,112.04,1000,,-1,bipartite,0.1,10,MS_split,68,7495.255988988173,0
1,54,0.6029411764705882,7480.256548997589,7480.256548997589,7480.256548997589,0.0,1.0,110.0,0.0,,0.0,,1.0,1.0,0,0,7480.256548997589,,1000,,-1,bipartite,0.1,10,DMS_split,68,7480.256548997589,0
2,1000,0.6333333333333333,10359.242826288577,10372.285093434515,8358.763959861544,0.68,0.1466666666666666,106.72727272727272,0.28,117.04761904761904,0.5733333333333334,156.4418604651163,1.0,1.0,34,34,8519.280079687504,111.72093023255816,1000,,-1,bipartite,0.1,11,MS_split,75,8346.276491650615,0
1,32,0.6533333333333333,8316.265006620102,8316.265006620102,8316.265006620102,0.0,1.0,110.88,0.0,,0.0,,1.0,1.0,0,0,8316.265006620102,,1000,,-1,bipartite,0.1,11,DMS_split,75,8316.265006620102,0
2,1000,0.5428571428571428,8592.211667645328,8847.234558843355,7715.223113244341,0.44,0.4428571428571428,109.74193548387096,0.2285714285714285,110.125,0.3285714285714285,149.04347826086956,1.0,1.0,22,22,7756.2188100738285,109.08695652173913,1000,,-1,bipartite,0.1,12,MS_split,70,7694.228090422915,0
1,33,0.55,7679.225330801401,7679.225330801401,7679.225330801401,0.0,1.0,109.7,0.0,,0.0,,1.0,1.0,0,0,7679.225330801401,,1000,,-1,bipartite,0.1,12,DMS_split,70,7679.225330801401,0
2,1000,0.5303030303030303,8760.236580707646,8574.251232965597,7182.243906836621,0.56,0.2575757575757575,106.11764705882354,0.2575757575757575,112.17647058823528,0.4848484848484848,157.78125,1.0,1.0,28,28,7376.221077457697,115.0625,1000,,-1,bipartite,0.1,13,MS_split,66,7175.275589698411,0
1,40,0.4772727272727273,7211.289203475779,7211.289203475779,7211.289203475779,0.0,1.0,109.25757575757576,0.0,,0.0,,1.0,1.0,0,0,7211.289203475779,,1000,,-1,bipartite,0.1,13,DMS_split,66,7211.289203475779,0
2,1000,0.4166666666666667,8175.244415245651,7935.255660313184,7281.750037779418,0.36,0.5,107.84848484848484,0.2424242424242424,118.125,0.2575757575757575,160.35294117647058,1.0,1.0,18,18,7304.233899180876,108.94117647058825,1000,,-1,bipartite,0.1,14,MS_split,66,7264.266129964137,0
1,43,0.5227272727272727,7232.247084670226,7232.247084670226,7232.247084670226,0.0,1.0,109.57575757575758,0.0,,0.0,,1.0,1.0,0,0,7232.247084670226,,1000,,-1,bipartite,0.1,14,DMS_split,66,7232.247084670226,0
2,1000,0.4677419354838709,7702.246346885676,7644.199247248248,6806.722797066962,0.38,0.5967741935483871,108.64864864864865,0.0483870967741935,119.66666666666669,0.3548387096774194,151.04545454545453,1.0,1.0,19,19,6833.223518786589,113.0909090909091,1000,,-1,bipartite,0.1,15,MS_split,62,6806.207023627245,0
1,30,0.5161290322580645,6806.207023627245,6806.207023627245,6806.207023627245,0.0,1.0,109.7741935483871,0.0,,0.0,,1.0,1.0,0,0,6806.207023627245,,1000,,-1,bipartite,0.1,15,DMS_split,62,6806.207023627245,0
2,1000,0.6418918918918919,10102.241093048831,9791.235025664606,8283.73805935672,0.7,0.1756756756756756,104.15384615384616,0.2567567567567567,117.52631578947368,0.5675675675675675,155.11904761904762,1.0,1.0,35,35,8456.215879493811,115.38095238095238,1000,,-1,bipartite,0.1,16,MS_split,74,8236.220652344808,0
1,24,0.5945945945945946,8291.225960530757,8291.225960530757,8291.225960530757,0.0,1.0,112.04054054054056,0.0,,0.0,,1.0,1.0,0,0,8291.225960530757,,1000,,-1,bipartite,0.1,16,DMS_split,74,8291.225960530757,0
2,1000,0.492063492063492,7135.238050872841,7350.240267391089,6849.739159131966,0.24,0.7301587301587301,107.54347826086956,0.1111111111111111,110.14285714285714,0.1587301587301587,141.7,1.0,1.0,12,12,6876.244872097132,106.3,1000,,-1,bipartite,0.1,17,MS_split,63,6826.239419170492,0
1,44,0.5,6863.252668152056,6863.252668152056,6863.252668152056,0.0,1.0,108.93650793650794,0.0,,0.0,,1.0,1.0,0,0,6863.252668152056,,1000,,-1,bipartite,0.1,17,DMS_split,63,6863.252668152056,0
2,1000,0.5234375,8428.252320944997,8279.254829417816,6956.253575181407,0.56,0.25,104.875,0.25,107.9375,0.5,156.96875,1.0,1.0,28,28,7059.2307696471735,111.5625,1000,,-1,bipartite,0.1,18,MS_split,64,6947.259826350011,0
1,57,0.5,6965.247324012802,6965.247324012802,6965.247324012802,0.0,1.0,108.828125,0.0,,0.0,,1.0,1.0,0,0,6965.247324012802,,1000,,-1,bipartite,0.1,18,DMS_split,64,6965.247324012802,0
2,1000,0.5,8035.251001442834,7837.284377651492,6380.267689547163,0.64,0.2372881355932203,109.42857142857144,0.1864406779661017,106.45454545454544,0.576271186440678,156.8235294117647,1.0,1.0,32,32,6483.2352553959845,110.05882352941175,1000,,-1,bipartite,0.1,19,MS_split,59,6356.281863108617,0
1,55,0.5169491525423728,6360.243858936782,6360.243858936782,6360.243858936782,0.0,1.0,107.79661016949152,0.0,,0.0,,1.0,1.0,0,0,6360.243858936782,,1000,,-1,bipartite,0.1,19,DMS_split,59,6360.243858936782,0
2,1000,0.7764227642276422,16225.252454539688,16189.25722501365,14340.25483977667,0.62,0.2357723577235772,111.44827586206895,0.3252032520325203,118.025,0.4390243902439024,153.1851851851852,1.0,1.0,31,31,14348.262621466916,117.75925925925924,1000,,-1,bipartite,0.2,0,MS_split,123,14263.244432911486,0
1,88,0.8048780487804879,14334.259276878429,14334.259276878429,14334.259276878429,0.0,1.0,116.53658536585364,0.0,,0.0,,1.0,1.0,0,0,14334.259276878429,,1000,,-1,bipartite,0.2,0,DMS_split,123,14334.259276878429,0
2,1000,0.7845528455284553,17937.264556181257,18281.235593006393,14507.250074593829,0.94,0.0,,0.1219512195121951,121.26666666666668,0.8780487804878049,149.24074074074073,1.0,1.0,47,47,14936.25152102586,120.77777777777776,1000,,-1,bipartite,0.2,1,MS_split,123,14504.24255923011,0
1,71,0.6747967479674797,14606.267523993602,14606.267523993602,14606.267523993602,0.0,1.0,118.7479674796748,0.0,,0.0,,1.0,1.0,0,0,14606.267523993602,,1000,,-1,bipartite,0.2,1,DMS_split,123,14606.267523993602,0
2,1000,0.7730769230769231,17693.25349275258,18023.259510269258,15248.256501510918,0.66,0.1769230769230769,112.3913043478261,0.3,120.23076923076924,0.5230769230769231,153.22058823529412,1.0,1.0,33,33,15292.284376720829,118.38235294117646,1000,,-1,bipartite,0.2,2,MS_split,130,15237.285204355794,0
1,146,0.7576923076923077,15251.250384572311,15251.250384572311,15251.250384572311,0.0,1.0,117.31538461538462,0.0,,0.0,,1.0,1.0,0,0,15251.250384572311,,1000,,-1,bipartite,0.2,2,DMS_split,130,15251.250384572311,0
2,1000,0.7824427480916031,18045.220408579615,18284.233897083486,15527.72715283155,0.74,0.1068702290076335,111.42857142857144,0.2977099236641221,120.3846153846154,0.5954198473282443,151.15384615384616,1.0,1.0,37,37,15675.227652441752,122.15384615384616,1000,,-1,bipartite,0.2,3,MS_split,131,15481.21324459743,0
1,28,0.7175572519083969,15638.232674307308,15638.232674307308,15638.232674307308,0.0,1.0,119.37404580152672,0.0,,0.0,,1.0,1.0,0,0,15638.232674307308,,1000,,-1,bipartite,0.2,3,DMS_split,131,15638.232674307308,0
2,1000,0.7280701754385965,15511.220263786176,15198.253640080758,13255.736951933466,0.64,0.1842105263157894,109.76190476190476,0.2807017543859649,120.4375,0.5350877192982456,153.31147540983608,1.0,1.0,32,32,13508.23664432396,120.55737704918032,1000,,-1,bipartite,0.2,4,MS_split,114,13217.260313287152,0
1,33,0.7982456140350878,13153.248690455406,13153.248690455406,13153.248690455406,0.0,1.0,115.37719298245614,0.0,,0.0,,1.0,1.0,0,0,13153.248690455406,,1000,,-1,bipartite,0.2,4,DMS_split,114,13153.248690455406,0
2,1000,0.8129770992366412,18184.23465783448,18460.266791885824,15450.750724860152,0.8,0.0610687022900763,110.5,0.2442748091603053,119.65625,0.6946564885496184,148.03296703296704,1.0,1.0,40,40,15670.2421505728,120.45054945054945,1000,,-1,bipartite,0.2,5,MS_split,131,15411.271924326602,0
1,30,0.7977099236641222,15516.255377466174,15516.255377466174,15516.255377466174,0.0,1.0,118.44274809160304,0.0,,0.0,,1.0,1.0,0,0,15516.255377466174,,1000,,-1,bipartite,0.2,5,DMS_split,131,15516.255377466174,0
2,1000,0.7804878048780488,16400.243951005312,16968.261646017672,14498.252798511492,0.68,0.1219512195121951,112.46666666666668,0.3495934959349593,119.46511627906976,0.5284552845528455,147.3230769230769,1.0,1.0,34,34,14876.239763281326,122.1076923076923,1000,,-1,bipartite,0.2,6,MS_split,123,14450.255709347724,0
1,35,0.7764227642276422,14458.265158837814,14458.265158837814,14458.265158837814,0.0,1.0,117.54471544715447,0.0,,0.0,,1.0,1.0,0,0,14458.265158837814,,1000,,-1,bipartite,0.2,6,DMS_split,123,14458.265158837814,0
2,1000,0.76,16229.226750197367,16849.21981586098,14694.723283029172,0.56,0.216,109.96296296296296,0.36,119.4888888888889,0.424,148.73584905660377,1.0,1.0,28,28,14730.235824911131,119.66037735849056,1000,,-1,bipartite,0.2,7,MS_split,125,14665.231140509935,0
1,321,0.768,14783.23536042108,14783.23536042108,14783.23536042108,0.0,1.0,118.264,0.0,,0.0,,1.0,1.0,0,0,14783.23536042108,,1000,,-1,bipartite,0.2,7,DMS_split,125,14783.23536042108,0
2,1000,0.7777777777777778,16883.253905368267,16585.25405858182,13718.253981975044,0.78,0.0683760683760683,105.75,0.2991452991452991,119.05714285714286,0.6324786324786325,160.40540540540542,1.0,1.0,39,39,13582.252877128609,116.0,1000,,-1,bipartite,0.2,8,MS_split,117,13582.252877128609,0
1,39,0.6923076923076923,13836.26611924451,13836.26611924451,13836.26611924451,0.0,1.0,118.25641025641026,0.0,,0.0,,1.0,1.0,0,0,13836.26611924451,,1000,,-1,bipartite,0.2,8,DMS_split,117,13836.26611924451,0
2,1000,0.7754237288135594,16043.261640692344,16017.217944953009,13824.739792822676,0.68,0.135593220338983,111.3125,0.3389830508474576,115.95,0.5254237288135594,155.2258064516129,1.0,1.0,34,34,14014.23390960291,120.58064516129032,1000,,-1,bipartite,0.2,9,MS_split,118,13808.232104201612,0
1,77,0.7796610169491526,13894.245061570564,13894.245061570564,13894.245061570564,0.0,1.0,117.7457627118644,0.0,,0.0,,1.0,1.0,0,0,13894.245061570564,,1000,,-1,bipartite,0.2,9,DMS_split,118,13894.245061570564,0
2,1000,0.7258064516129032,16971.283594976874,17128.28507645153,14575.784335714205,0.68,0.1693548387096774,108.71428571428572,0.2661290322580645,122.87878787878788,0.5645161290322581,151.9,1.0,1.0,34,34,14853.289598300396,121.54285714285714,1000,,-1,bipartite,0.2,10,MS_split,124,14519.265644431223,0
1,194,0.7620967741935484,14540.249608180357,14540.249608180357,14540.249608180357,0.0,1.0,117.25806451612904,0.0,,0.0,,1.0,1.0,0,0,14540.249608180357,,1000,,-1,bipartite,0.2,10,DMS_split,124,14540.249608180357,0
2,1000,0.8214285714285714,18870.213879758052,18821.19526073614,16650.704570247097,0.6,0.1857142857142857,112.8846153846154,0.4071428571428571,122.59649122807018,0.4071428571428571,156.96491228070175,1.0,1.0,30,30,16611.19516919158,116.08771929824562,1000,,-1,bipartite,0.2,11,MS_split,140,16539.215598524625,0
1,15,0.8142857142857143,16534.2218787124,16534.2218787124,16534.2218787124,0.0,1.0,118.1,0.0,,0.0,,1.0,1.0,0,0,16534.2218787124,,1000,,-1,bipartite,0.2,11,DMS_split,140,16534.2218787124,0
2,1000,0.8152173913043478,19801.241941180717,20085.268101351627,16438.755021266174,0.86,0.036231884057971,105.2,0.2318840579710145,124.78125,0.7318840579710145,151.30693069306932,1.0,1.0,43,43,16810.266918491652,121.42574257425744,1000,,-1,bipartite,0.2,12,MS_split,138,16363.252200363098,0
1,30,0.7536231884057971,16401.26918848215,16401.26918848215,16401.26918848215,0.0,1.0,118.84782608695652,0.0,,0.0,,1.0,1.0,0,0,16401.26918848215,,1000,,-1,bipartite,0.2,12,DMS_split,138,16401.26918848215,0
2,1000,0.7520325203252033,17612.24599200378,18026.218542566217,14488.232267284997,0.9,0.016260162601626,103.0,0.1300813008130081,125.5,0.8536585365853658,146.64761904761906,1.0,1.0,45,45,14493.218318777424,118.61904761904762,1000,,-1,bipartite,0.2,13,MS_split,123,14408.23975095803,0
1,84,0.7439024390243902,14402.24351503038,14402.24351503038,14402.24351503038,0.0,1.0,117.08943089430896,0.0,,0.0,,1.0,1.0,0,0,14402.24351503038,,1000,,-1,bipartite,0.2,13,DMS_split,123,14402.24351503038,0
2,1000,0.7403100775193798,17619.28092647134,17650.249732015935,15297.765329243635,0.64,0.1395348837209302,105.44444444444444,0.4263565891472868,125.63636363636364,0.4341085271317829,157.33928571428572,1.0,1.0,32,32,15457.254960091435,119.94642857142856,1000,,-1,bipartite,0.2,14,MS_split,129,15281.26270908555,0
1,64,0.7868217054263565,15289.255291643358,15289.255291643358,15289.255291643358,0.0,1.0,118.51937984496124,0.0,,0.0,,1.0,1.0,0,0,15289.255291643358,,1000,,-1,bipartite,0.2,14,DMS_split,129,15289.255291643358,0
2,1000,0.6946902654867256,16564.277849678663,16478.185373660584,13254.231611669624,0.92,0.0088495575221238,100.0,0.1238938053097345,117.71428571428572,0.8672566371681416,151.18367346938774,1.0,1.0,46,46,13460.2416371569,118.21428571428572,1000,,-1,bipartite,0.2,15,MS_split,113,13184.237031465946,0
1,25,0.6946902654867256,13335.24552198695,13335.24552198695,13335.24552198695,0.0,1.0,118.00884955752213,0.0,,0.0,,1.0,1.0,0,0,13335.24552198695,,1000,,-1,bipartite,0.2,15,DMS_split,113,13335.24552198695,0
2,1000,0.7462121212121212,18020.24017687403,17880.25584191155,15785.74800939279,0.6,0.1893939393939394,109.72,0.3636363636363636,126.70833333333331,0.4469696969696969,155.84745762711864,1.0,1.0,30,30,15764.245958534886,121.10169491525424,1000,,-1,bipartite,0.2,16,MS_split,132,15741.253364776612,0
1,483,0.7916666666666666,15817.247410591166,15817.247410591166,15817.247410591166,0.0,1.0,119.82575757575758,0.0,,0.0,,1.0,1.0,0,0,15817.247410591166,,1000,,-1,bipartite,0.2,16,DMS_split,132,15817.247410591166,0
2,1000,0.7379032258064516,17746.23670513272,17532.265382614907,14602.751043873814,0.8,0.0725806451612903,110.66666666666669,0.3064516129032258,121.92105263157896,0.6209677419354839,157.36363636363637,1.0,1.0,40,40,14783.253241359202,123.2077922077922,1000,,-1,bipartite,0.2,17,MS_split,124,14485.254488387513,0
1,35,0.8185483870967742,14527.262696335796,14527.262696335796,14527.262696335796,0.0,1.0,117.15322580645162,0.0,,0.0,,1.0,1.0,0,0,14527.262696335796,,1000,,-1,bipartite,0.2,17,DMS_split,124,14527.262696335796,0
2,1000,0.7095588235294118,17894.267935533804,17617.2416943047,16130.254814919252,0.56,0.213235294117647,110.6206896551724,0.4044117647058823,121.52727272727272,0.3823529411764705,153.8846153846154,1.0,1.0,28,28,16191.247427377202,121.78846153846152,1000,,-1,bipartite,0.2,18,MS_split,136,16076.254361890826,0
1,30,0.7022058823529411,16175.263846220098,16175.263846220098,16175.263846220098,0.0,1.0,118.93382352941175,0.0,,0.0,,1.0,1.0,0,0,16175.263846220098,,1000,,-1,bipartite,0.2,18,DMS_split,136,16175.263846220098,0
2,1000,0.8830645161290323,17196.214354456548,17020.20248029138,14497.208417373964,0.72,0.1129032258064516,110.92857142857144,0.2903225806451613,120.55555555555556,0.5967741935483871,152.74324324324326,1.0,1.0,36,36,14811.204125240663,121.29729729729728,1000,,-1,bipartite,0.2,19,MS_split,124,14430.204570688107,0
1,28,0.6975806451612904,14567.212851147397,14567.212851147397,14567.212851147397,0.0,1.0,117.4758064516129,0.0,,0.0,,1.0,1.0,0,0,14567.212851147397,,1000,,-1,bipartite,0.2,19,DMS_split,124,14567.212851147397,0
2,1000,0.8214285714285714,24808.2342441407,25052.28834814627,20413.76129614349,0.96,0.0059523809523809,113.0,0.0773809523809523,121.15384615384616,0.9166666666666666,150.12987012987014,1.0,1.0,48,48,20708.26218229371,123.53246753246754,1000,,-1,bipartite,0.3,0,MS_split,168,20288.254241388066,0
1,78,0.7648809523809523,20406.26268482868,20406.26268482868,20406.26268482868,0.0,1.0,121.46428571428572,0.0,,0.0,,1.0,1.0,0,0,20406.26268482868,,1000,,-1,bipartite,0.3,0,DMS_split,168,20406.26268482868,0
2,1000,0.9214659685863874,25911.27765119211,25852.228246422885,23394.252948807494,0.62,0.1623036649214659,113.2258064516129,0.4083769633507853,126.3974358974359,0.4293193717277487,152.9512195121951,1.0,1.0,31,31,23618.25350797555,126.39024390243902,1000,,-1,bipartite,0.3,1,MS_split,191,23306.27041417129,0
1,74,0.8455497382198953,23337.252093652576,23337.252093652576,23337.252093652576,0.0,1.0,122.18324607329843,0.0,,0.0,,1.0,1.0,0,0,23337.252093652576,,1000,,-1,bipartite,0.3,1,DMS_split,191,23337.252093652576,0
2,1000,0.7969543147208121,25478.229557167553,25496.20507059666,24003.217313882105,0.42,0.3705583756345177,115.89041095890413,0.4213197969543147,128.2289156626506,0.2081218274111675,155.4878048780488,1.0,1.0,21,21,24062.233237562556,127.29268292682929,1000,,-1,bipartite,0.3,2,MS_split,197,23991.221976407574,0
1,371,0.8730964467005076,24030.2141301277,24030.2141301277,24030.2141301277,0.0,1.0,121.97969543147208,0.0,,0.0,,1.0,1.0,0,0,24030.2141301277,,1000,,-1,bipartite,0.3,2,DMS_split,197,24030.2141301277,0
2,1000,0.84375,28478.219582235382,27529.245619655405,23653.732600945394,0.9,0.015625,124.66666666666669,0.15625,125.0,0.828125,153.16981132075472,1.0,1.0,45,45,23701.236728096905,123.60377358490568,1000,,-1,bipartite,0.3,3,MS_split,192,23561.249259709766,0
1,68,0.84375,23675.2188902388,23675.2188902388,23675.2188902388,0.0,1.0,123.30729166666669,0.0,,0.0,,1.0,1.0,0,0,23675.2188902388,,1000,,-1,bipartite,0.3,3,DMS_split,192,23675.2188902388,0
2,1000,0.8461538461538461,21665.271713897524,21832.28552800396,20286.77862095074,0.46,0.3313609467455621,116.67857142857144,0.4319526627218935,122.2054794520548,0.2366863905325443,155.25,1.0,1.0,23,23,20308.27649648486,121.575,1000,,-1,bipartite,0.3,4,MS_split,169,20264.273983899497,0
1,26,0.878698224852071,20260.263942676163,20260.263942676163,20260.263942676163,0.0,1.0,119.88165680473372,0.0,,0.0,,1.0,1.0,0,0,20260.263942676163,,1000,,-1,bipartite,0.3,4,DMS_split,169,20260.263942676163,0
2,1000,0.7551020408163265,27747.25937772985,28329.273767122377,24147.76657242611,0.82,0.0459183673469387,107.0,0.2397959183673469,122.65957446808513,0.7142857142857143,150.13571428571427,1.0,1.0,41,41,24569.251736007456,125.83571428571427,1000,,-1,bipartite,0.3,5,MS_split,196,24055.284164057048,0
1,42,0.7831632653061225,24091.24551998845,24091.24551998845,24091.24551998845,0.0,1.0,122.91326530612244,0.0,,0.0,,1.0,1.0,0,0,24091.24551998845,,1000,,-1,bipartite,0.3,5,DMS_split,196,24091.24551998845,0
2,1000,0.7655367231638418,24823.259234984587,25027.230796990018,21703.7450159873,0.8,0.0734463276836158,118.07692307692308,0.3050847457627119,124.92592592592592,0.6214689265536724,150.38181818181818,1.0,1.0,40,40,21912.25264707455,124.1,1000,,-1,bipartite,0.3,6,MS_split,177,21649.25457272196,0
1,93,0.8361581920903954,21713.268929671365,21713.268929671365,21713.268929671365,0.0,1.0,122.6723163841808,0.0,,0.0,,1.0,1.0,0,0,21713.268929671365,,1000,,-1,bipartite,0.3,6,DMS_split,177,21713.268929671365,0
2,1000,0.8904494382022472,25714.216140427525,25710.238592997954,21759.72736671274,0.78,0.0449438202247191,111.5,0.2640449438202247,128.53191489361703,0.6910112359550562,152.6910569105691,1.0,1.0,39,39,22100.248320822026,125.16260162601624,1000,,-1,bipartite,0.3,7,MS_split,178,21647.24329164062,0
1,50,0.8202247191011236,21972.245672607984,21972.245672607984,21972.245672607984,0.0,1.0,123.438202247191,0.0,,0.0,,1.0,1.0,0,0,21972.245672607984,,1000,,-1,bipartite,0.3,7,DMS_split,178,21972.245672607984,0
2,1000,0.8192090395480226,25215.22017618044,25093.257557745987,21716.738866963213,0.78,0.0564971751412429,115.2,0.3672316384180791,126.92307692307692,0.576271186440678,155.02941176470588,1.0,1.0,39,39,21834.25472122039,125.04901960784314,1000,,-1,bipartite,0.3,8,MS_split,177,21708.235967512584,0
1,25,0.844632768361582,21670.278553749453,21670.278553749453,21670.278553749453,0.0,1.0,122.42937853107344,0.0,,0.0,,1.0,1.0,0,0,21670.278553749453,,1000,,-1,bipartite,0.3,8,DMS_split,177,21670.278553749453,0
2,1000,0.8994565217391305,26638.24419337005,26564.284696659433,22591.76444501474,0.8,0.0597826086956521,115.72727272727272,0.217391304347826,125.975,0.7228260869565217,152.82706766917292,1.0,1.0,40,40,22973.272076504207,126.14285714285714,1000,,-1,bipartite,0.3,9,MS_split,184,22557.27074652808,0
1,23,0.8804347826086957,22545.230956392978,22545.230956392978,22545.230956392978,0.0,1.0,122.52717391304348,0.0,,0.0,,1.0,1.0,0,0,22545.230956392978,,1000,,-1,bipartite,0.3,9,DMS_split,184,22545.230956392978,0
2,1000,0.9,26851.233709146192,27477.26538350705,22617.24954632662,0.96,0.0,,0.081081081081081,122.93333333333334,0.918918918918919,147.1,1.0,1.0,48,48,22668.246189376387,123.4,1000,,-1,bipartite,0.3,10,MS_split,185,22571.24746741846,0
1,258,0.8324324324324325,22796.225114807585,22796.225114807585,22796.225114807585,0.0,1.0,123.22162162162162,0.0,,0.0,,1.0,1.0,0,0,22796.225114807585,,1000,,-1,bipartite,0.3,10,DMS_split,185,22796.225114807585,0
2,1000,0.8975,27679.26534411685,28347.25129860856,24781.258321362704,0.76,0.07,117.28571428571428,0.365,120.86301369863014,0.565,152.3362831858407,1.0,1.0,38,38,25040.27339910191,128.18584070796462,1000,,-1,bipartite,0.3,11,MS_split,200,24741.248818657128,0
1,567,0.91,24948.26641559744,24948.26641559744,24948.26641559744,0.0,1.0,124.74,0.0,,0.0,,1.0,1.0,0,0,24948.26641559744,,1000,,-1,bipartite,0.3,11,DMS_split,200,24948.26641559744,0
2,1000,0.8585365853658536,29043.254106529843,28625.202471554072,25355.72828904196,0.8,0.048780487804878,111.8,0.3219512195121951,126.45454545454544,0.6292682926829268,151.7751937984496,1.0,1.0,40,40,25468.21366475892,126.10077519379846,1000,,-1,bipartite,0.3,12,MS_split,205,25300.22574995227,0
1,26,0.8804878048780488,25436.225952834953,25436.225952834953,25436.225952834953,0.0,1.0,124.0780487804878,0.0,,0.0,,1.0,1.0,0,0,25436.225952834953,,1000,,-1,bipartite,0.3,12,DMS_split,205,25436.225952834953,0
2,1000,0.8026315789473685,26537.227261782507,27006.240573681727,23276.23391773212,0.76,0.0631578947368421,119.83333333333331,0.3473684210526316,125.63636363636364,0.5894736842105263,150.0625,1.0,1.0,38,38,23558.24912898317,124.29464285714286,1000,,-1,bipartite,0.3,13,MS_split,190,23254.254457365856,0
1,90,0.8342105263157895,23342.255309945373,23342.255309945373,23342.255309945373,0.0,1.0,122.85263157894737,0.0,,0.0,,1.0,1.0,0,0,23342.255309945373,,1000,,-1,bipartite,0.3,13,DMS_split,190,23342.255309945373,0
2,1000,0.8494623655913979,26578.207063547936,26458.25357667405,22842.230320110993,0.84,0.0376344086021505,122.57142857142856,0.2795698924731182,122.9423076923077,0.6827956989247311,152.1811023622047,1.0,1.0,42,42,23267.23453840415,126.01574803149606,1000,,-1,bipartite,0.3,14,MS_split,186,22759.250624203065,0
1,468,0.8602150537634409,22779.258124367392,22779.258124367392,22779.258124367392,0.0,1.0,122.46774193548389,0.0,,0.0,,1.0,1.0,0,0,22779.258124367392,,1000,,-1,bipartite,0.3,14,DMS_split,186,22779.258124367392,0
2,1000,0.8296089385474861,24681.2314681181,24259.25122658432,21877.24134735121,0.7,0.0837988826815642,112.93333333333334,0.4189944134078212,121.96,0.4972067039106145,155.5056179775281,1.0,1.0,35,35,22147.25154231625,125.95505617977528,1000,,-1,bipartite,0.3,15,MS_split,179,21832.237736982355,0
1,30,0.8491620111731844,21972.26236358979,21972.26236358979,21972.26236358979,0.0,1.0,122.74860335195532,0.0,,0.0,,1.0,1.0,0,0,21972.26236358979,,1000,,-1,bipartite,0.3,15,DMS_split,179,21972.26236358979,0
2,1000,0.902116402116402,27512.249938032375,27751.25711145234,23427.75352474236,0.88,0.0264550264550264,118.4,0.1798941798941798,123.0,0.7936507936507936,151.58666666666667,1.0,1.0,44,44,23567.241785565115,125.67333333333332,1000,,-1,bipartite,0.3,16,MS_split,189,23403.265816558473,0
1,80,0.8544973544973545,23397.232493023537,23397.232493023537,23397.232493023537,0.0,1.0,123.7936507936508,0.0,,0.0,,1.0,1.0,0,0,23397.232493023537,,1000,,-1,bipartite,0.3,16,DMS_split,189,23397.232493023537,0
2,1000,0.8689839572192514,26280.235654161068,26823.251066062985,22868.24336011203,0.76,0.0427807486631016,111.125,0.3155080213903743,120.23728813559322,0.6417112299465241,152.475,1.0,1.0,38,38,23009.24513136816,125.19166666666666,1000,,-1,bipartite,0.3,17,MS_split,187,22815.250830675926,0
1,173,0.8422459893048129,22959.245227181997,22959.245227181997,22959.245227181997,0.0,1.0,122.77540106951872,0.0,,0.0,,1.0,1.0,0,0,22959.245227181997,,1000,,-1,bipartite,0.3,17,DMS_split,187,22959.245227181997,0
2,1000,0.8423645320197044,28852.2540024165,28831.28086105299,25186.767431734745,0.8,0.0394088669950738,125.625,0.2758620689655172,120.66071428571428,0.6847290640394089,151.72661870503595,1.0,1.0,40,40,25366.262977161605,125.36690647482014,1000,,-1,bipartite,0.3,18,MS_split,203,25162.287239738376,0
1,46,0.7906403940886699,25095.260585322972,25095.260585322972,25095.260585322972,0.0,1.0,123.6206896551724,0.0,,0.0,,1.0,1.0,0,0,25095.260585322972,,1000,,-1,bipartite,0.3,18,DMS_split,203,25095.260585322972,0
2,1000,0.9083333333333332,25455.272929348528,25429.276894510025,21961.77491192928,0.82,0.0277777777777777,106.4,0.2722222222222222,119.77551020408164,0.7,151.22222222222223,1.0,1.0,41,41,22362.25795467131,125.94444444444444,1000,,-1,bipartite,0.3,19,MS_split,180,21925.269562430905,0
1,174,0.8777777777777778,21916.29768134586,21916.29768134586,21916.29768134586,0.0,1.0,121.75555555555556,0.0,,0.0,,1.0,1.0,0,0,21916.29768134586,,1000,,-1,bipartite,0.3,19,DMS_split,180,21916.29768134586,0
2,1000,0.8414096916299559,32259.257443582363,32417.266622558724,28304.262033070543,0.82,0.0484581497797356,113.0,0.2687224669603524,128.24590163934425,0.6828193832599119,149.63225806451612,1.0,1.0,41,41,28419.24566541333,125.53548387096774,1000,,-1,bipartite,0.4,0,MS_split,227,28173.280805379454,0
1,138,0.8590308370044053,28184.27611345264,28184.27611345264,28184.27611345264,0.0,1.0,124.15859030837004,0.0,,0.0,,1.0,1.0,0,0,28184.27611345264,,1000,,-1,bipartite,0.4,0,DMS_split,227,28184.27611345264,0
2,1000,0.9233716475095786,36765.22676709601,36814.219542179744,32966.723154637875,0.72,0.10727969348659,114.85714285714286,0.3601532567049808,131.40425531914894,0.5325670498084292,152.49640287769785,1.0,1.0,36,36,32993.246392667555,123.97841726618704,1000,,-1,bipartite,0.4,1,MS_split,261,32941.24579620402,0
1,82,0.8659003831417624,33074.22141533144,33074.22141533144,33074.22141533144,0.0,1.0,126.72030651340997,0.0,,0.0,,1.0,1.0,0,0,33074.22141533144,,1000,,-1,bipartite,0.4,1,DMS_split,261,33074.22141533144,0
2,1000,0.9153225806451613,37050.226166125096,37205.22395359601,31171.725059860553,0.94,0.0040322580645161,127.0,0.0887096774193548,122.3181818181818,0.907258064516129,152.14222222222222,1.0,1.0,47,47,31421.21919946258,127.49333333333334,1000,,-1,bipartite,0.4,2,MS_split,248,31058.19932715877,0
1,234,0.8911290322580645,31193.22275534072,31193.22275534072,31193.22275534072,0.0,1.0,125.77822580645162,0.0,,0.0,,1.0,1.0,0,0,31193.22275534072,,1000,,-1,bipartite,0.4,2,DMS_split,248,31193.22275534072,0
2,1000,0.9192913385826772,36465.25899097216,35821.27570305422,31878.76734701319,0.78,0.0669291338582677,116.11764705882354,0.3031496062992126,124.28571428571428,0.6299212598425197,155.75625,1.0,1.0,39,39,32499.265125255937,129.73125,1000,,-1,bipartite,0.4,3,MS_split,254,31868.266422502416,0
1,573,0.8759842519685039,31830.239386057074,31830.239386057074,31830.239386057074,0.0,1.0,125.31496062992126,0.0,,0.0,,1.0,1.0,0,0,31830.239386057074,,1000,,-1,bipartite,0.4,3,DMS_split,254,31830.239386057074,0
2,1000,0.8936170212765957,33394.23852298632,33478.223971488704,29317.23124723751,0.82,0.0468085106382978,111.63636363636364,0.2723404255319149,126.28125,0.6808510638297872,150.525,1.0,1.0,41,41,29544.222914707356,125.71875,1000,,-1,bipartite,0.4,4,MS_split,235,29240.228328326564,0
1,168,0.7723404255319148,29574.22468754904,29574.22468754904,29574.22468754904,0.0,1.0,125.8468085106383,0.0,,0.0,,1.0,1.0,0,0,29574.22468754904,,1000,,-1,bipartite,0.4,4,DMS_split,235,29574.22468754904,0
2,1000,0.8903846153846153,36043.24936680123,35867.284675393385,32745.76702109731,0.68,0.123076923076923,117.125,0.45,130.6239316239316,0.4269230769230769,153.26126126126127,1.0,1.0,34,34,33123.26925374366,130.12612612612614,1000,,-1,bipartite,0.4,5,MS_split,260,32659.27438515104,0
1,92,0.9326923076923076,32821.246822006884,32821.246822006884,32821.246822006884,0.0,1.0,126.23461538461538,0.0,,0.0,,1.0,1.0,0,0,32821.246822006884,,1000,,-1,bipartite,0.4,5,DMS_split,260,32821.246822006884,0
2,1000,0.8958333333333334,35157.26798104828,34673.22187611196,30063.74492858012,0.86,0.0208333333333333,126.8,0.2375,125.73684210526316,0.7416666666666667,153.68539325842696,1.0,1.0,43,43,30725.23483649078,129.0561797752809,1000,,-1,bipartite,0.4,6,MS_split,240,30046.239904251644,0
1,38,0.9,30162.2457652597,30162.2457652597,30162.2457652597,0.0,1.0,125.675,0.0,,0.0,,1.0,1.0,0,0,30162.2457652597,,1000,,-1,bipartite,0.4,6,DMS_split,240,30162.2457652597,0
2,1000,0.8739669421487604,34805.26183687223,33734.2150756503,30503.738456261268,0.74,0.0826446280991735,118.9,0.371900826446281,128.05555555555554,0.5454545454545454,158.34848484848484,1.0,1.0,37,37,30294.23975708818,126.58333333333331,1000,,-1,bipartite,0.4,7,MS_split,242,30453.232632409672,0
1,52,0.9111570247933884,30325.23701566717,30325.23701566717,30325.23701566717,0.0,1.0,125.3099173553719,0.0,,0.0,,1.0,1.0,0,0,30325.23701566717,,1000,,-1,bipartite,0.4,7,DMS_split,242,30325.23701566717,0
2,1000,0.9331983805668016,34102.2602444775,34345.29296825989,31110.776606368698,0.68,0.1295546558704453,124.03125,0.4493927125506073,129.981981981982,0.4210526315789473,151.0096153846154,1.0,1.0,34,34,31344.274289838115,127.76923076923076,1000,,-1,bipartite,0.4,8,MS_split,247,31007.27422545288,0
1,179,0.8623481781376519,31257.288750389347,31257.288750389347,31257.288750389347,0.0,1.0,126.54655870445345,0.0,,0.0,,1.0,1.0,0,0,31257.288750389347,,1000,,-1,bipartite,0.4,8,DMS_split,247,31257.288750389347,0
2,1000,0.8995983935742972,36642.286245731775,36192.23901473278,31313.26263023228,0.9,0.0200803212851405,115.0,0.1204819277108433,128.5,0.8594377510040161,150.52336448598132,1.0,1.0,45,45,31731.257803302356,128.07009345794393,1000,,-1,bipartite,0.4,9,MS_split,249,31253.261858803067,0
1,41,0.8453815261044176,31696.25771858011,31696.25771858011,31696.25771858011,0.0,1.0,127.29317269076306,0.0,,0.0,,1.0,1.0,0,0,31696.25771858011,,1000,,-1,bipartite,0.4,9,DMS_split,249,31696.25771858011,0
2,1000,0.8804780876494024,34951.26315817999,34858.26740616009,31503.76528217004,0.7,0.1075697211155378,116.1851851851852,0.3585657370517928,126.41111111111113,0.5338645418326693,152.51492537313433,1.0,1.0,35,35,31789.25047307422,129.0820895522388,1000,,-1,bipartite,0.4,10,MS_split,251,31481.25143517947,0
1,26,0.898406374501992,31553.277281745253,31553.277281745253,31553.277281745253,0.0,1.0,125.70916334661356,0.0,,0.0,,1.0,1.0,0,0,31553.277281745253,,1000,,-1,bipartite,0.4,10,DMS_split,251,31553.277281745253,0
2,1000,0.8731617647058824,39393.25470663136,39507.230720478794,34658.24271355508,0.84,0.0367647058823529,117.0,0.2536764705882353,133.2753623188406,0.7095588235294118,150.39896373056996,1.0,1.0,42,42,34840.26081235856,127.98963730569947,1000,,-1,bipartite,0.4,11,MS_split,272,34618.245260931944,0
1,31,0.8676470588235294,34529.25593093245,34529.25593093245,34529.25593093245,0.0,1.0,126.94485294117646,0.0,,0.0,,1.0,1.0,0,0,34529.25593093245,,1000,,-1,bipartite,0.4,11,DMS_split,272,34529.25593093245,0
2,1000,0.8515625,35523.25639951348,35162.2628542136,32392.75962686354,0.68,0.1484375,118.0,0.375,129.0625,0.4765625,152.86065573770492,1.0,1.0,34,34,32767.26967924776,129.8360655737705,1000,,-1,bipartite,0.4,12,MS_split,256,32261.24067496351,0
1,40,0.873046875,32436.290370658317,32436.290370658317,32436.290370658317,0.0,1.0,126.703125,0.0,,0.0,,1.0,1.0,0,0,32436.290370658317,,1000,,-1,bipartite,0.4,12,DMS_split,256,32436.290370658317,0
2,1000,0.866,36339.21981556134,37183.23916091259,31520.229488236964,0.9,0.016,116.5,0.164,121.58536585365852,0.82,150.67317073170733,1.0,1.0,45,45,31979.20450075111,128.81463414634146,1000,,-1,bipartite,0.4,13,MS_split,250,31440.18437713641,0
1,117,0.916,31520.2515784806,31520.2515784806,31520.2515784806,0.0,1.0,126.08,0.0,,0.0,,1.0,1.0,0,0,31520.2515784806,,1000,,-1,bipartite,0.4,13,DMS_split,250,31520.2515784806,0
2,1000,0.931372549019608,37197.26441141666,37613.23801603337,32099.751213725016,0.9,0.0078431372549019,106.5,0.192156862745098,127.3877551020408,0.8,150.69607843137254,1.0,1.0,45,45,32374.2541791772,126.55392156862744,1000,,-1,bipartite,0.4,14,MS_split,255,31948.22106950171,0
1,118,0.8627450980392157,32360.245777747063,32360.245777747063,32360.245777747063,0.0,1.0,126.90196078431372,0.0,,0.0,,1.0,1.0,0,0,32360.245777747063,,1000,,-1,bipartite,0.4,14,DMS_split,255,32360.245777747063,0
2,1000,0.8574468085106383,33266.28965279898,33447.23635693487,29561.76300486692,0.8,0.0468085106382978,115.8181818181818,0.3234042553191489,126.73684210526316,0.6297872340425532,151.0810810810811,1.0,1.0,40,40,29649.237845131927,125.16216216216216,1000,,-1,bipartite,0.4,15,MS_split,235,29553.27451322858,0
1,53,0.9106382978723404,29362.239034641218,29362.239034641218,29362.239034641218,0.0,1.0,124.94468085106384,0.0,,0.0,,1.0,1.0,0,0,29362.239034641218,,1000,,-1,bipartite,0.4,15,DMS_split,235,29362.239034641218,0
2,1000,0.8954918032786885,35826.232910667924,35915.27872417726,30906.755817422592,0.88,0.0163934426229508,122.0,0.1885245901639344,125.47826086956522,0.7950819672131147,152.4020618556701,1.0,1.0,44,44,30984.265458497488,127.54123711340206,1000,,-1,bipartite,0.4,16,MS_split,244,30872.25977184055,0
1,76,0.7909836065573771,30926.284128884625,30926.284128884625,30926.284128884625,0.0,1.0,126.74590163934428,0.0,,0.0,,1.0,1.0,0,0,30926.284128884625,,1000,,-1,bipartite,0.4,16,DMS_split,244,30926.284128884625,0
2,1000,0.8486590038314177,35701.262138353275,35637.24334257831,32744.252740465792,0.66,0.1417624521072797,116.29729729729728,0.3946360153256705,128.02912621359224,0.4636015325670498,150.50413223140495,1.0,1.0,33,33,32734.25919113372,126.26446280991736,1000,,-1,bipartite,0.4,17,MS_split,261,32701.25329087927,0
1,144,0.9406130268199234,32696.23152718762,32696.23152718762,32696.23152718762,0.0,1.0,125.272030651341,0.0,,0.0,,1.0,1.0,0,0,32696.23152718762,,1000,,-1,bipartite,0.4,17,DMS_split,261,32696.23152718762,0
2,1000,0.8811320754716981,39256.19789089047,38564.28789716324,33712.24289402686,0.86,0.0264150943396226,123.71428571428572,0.2226415094339622,132.15254237288136,0.7509433962264151,153.73366834170855,1.0,1.0,43,43,33612.281841562115,127.7286432160804,1000,,-1,bipartite,0.4,18,MS_split,265,33504.246194216714,0
1,39,0.8754716981132076,33761.25776280476,33761.25776280476,33761.25776280476,0.0,1.0,127.4,0.0,,0.0,,1.0,1.0,0,0,33761.25776280476,,1000,,-1,bipartite,0.4,18,DMS_split,265,33761.25776280476,0
2,1000,0.8453389830508474,33698.274994144514,33414.22601343704,29411.750503790776,0.8,0.0508474576271186,109.66666666666669,0.2754237288135593,121.6923076923077,0.673728813559322,153.91194968553458,1.0,1.0,40,40,29457.24322561282,125.57232704402516,1000,,-1,bipartite,0.4,19,MS_split,236,29337.273224998655,0
1,34,0.8686440677966102,29385.248236847885,29385.248236847885,29385.248236847885,0.0,1.0,124.51271186440678,0.0,,0.0,,1.0,1.0,0,0,29385.248236847885,,1000,,-1,bipartite,0.4,19,DMS_split,236,29385.248236847885,0
2,1000,0.9275766016713092,53146.2636548017,53529.26359547038,46463.263625136045,0.96,0.0027855153203342,111.0,0.0807799442896936,126.34482758620688,0.9164345403899722,150.06382978723406,1.0,1.0,48,48,46733.25193600872,130.75683890577508,1000,,-1,bipartite,0.6,0,MS_split,359,46364.250709977874,0
1,29,0.8788300835654597,46462.25131930243,46462.25131930243,46462.25131930243,0.0,1.0,129.42061281337047,0.0,,0.0,,1.0,1.0,0,0,46462.25131930243,,1000,,-1,bipartite,0.6,0,DMS_split,359,46462.25131930243,0
2,1000,0.9083769633507852,54521.26287049909,54620.27957706162,49420.77122378036,0.76,0.0549738219895288,125.23809523809524,0.3612565445026178,131.15942028985506,0.5837696335078534,151.52914798206277,1.0,1.0,38,38,49531.26046805282,129.99103139013454,1000,,-1,bipartite,0.6,1,MS_split,382,49389.29168832157,0
1,130,0.900523560209424,49549.29593414141,49549.29593414141,49549.29593414141,0.0,1.0,129.70942408376965,0.0,,0.0,,1.0,1.0,0,0,49549.29593414141,,1000,,-1,bipartite,0.6,1,DMS_split,382,49549.29593414141,0
2,1000,0.8921568627450981,49105.2489691638,48452.25849539274,46112.75373227827,0.52,0.2549019607843137,123.21978021978022,0.4453781512605042,135.48427672955975,0.299719887955182,152.80373831775702,1.0,1.0,26,26,45935.23484651182,128.02803738317758,1000,,-1,bipartite,0.6,2,MS_split,357,45935.23484651182,0
1,52,0.96218487394958,45981.26268297899,45981.26268297899,45981.26268297899,0.0,1.0,128.7983193277311,0.0,,0.0,,1.0,1.0,0,0,45981.26268297899,,1000,,-1,bipartite,0.6,2,DMS_split,357,45981.26268297899,0
2,1000,0.9501312335958004,53250.250486138866,52409.2464744377,49359.24848028828,0.62,0.1548556430446194,123.15254237288136,0.4383202099737532,131.04790419161677,0.4068241469816273,155.4774193548387,1.0,1.0,31,31,49777.23809792312,133.05161290322582,1000,,-1,bipartite,0.6,3,MS_split,381,49244.23535322125,0
1,16,0.963254593175853,49229.24733504297,49229.24733504297,49229.24733504297,0.0,1.0,129.20997375328085,0.0,,0.0,,1.0,1.0,0,0,49229.24733504297,,1000,,-1,bipartite,0.6,3,DMS_split,381,49229.24733504297,0
2,1000,0.93,50589.26651595312,50329.24464217482,45426.75557906397,0.8,0.0542857142857142,126.57894736842104,0.2657142857142857,132.19354838709677,0.68,150.7983193277311,1.0,1.0,40,40,45702.24990302374,129.91596638655463,1000,,-1,bipartite,0.6,4,MS_split,350,45226.271658171914,0
1,161,0.94,45175.2347387147,45175.2347387147,45175.2347387147,0.0,1.0,129.07142857142858,0.0,,0.0,,1.0,1.0,0,0,45175.2347387147,,1000,,-1,bipartite,0.6,4,DMS_split,350,45175.2347387147,0
12,1000,0.9049382716049382,57962.25687000388,57228.27243042146,53001.76465021267,0.74,0.0592592592592592,125.16666666666669,0.4024691358024691,131.31288343558282,0.5382716049382716,153.91743119266056,1.0,1.0,37,37,53191.25156080618,132.1743119266055,1000,,-1,bipartite,0.6,5,MS_split,405,52987.28148485202,0
1,63,0.9197530864197532,53184.29479515176,53184.29479515176,53184.29479515176,0.0,1.0,131.31851851851852,0.0,,0.0,,1.0,1.0,0,0,53184.29479515176,,1000,,-1,bipartite,0.6,5,DMS_split,405,53184.29479515176,0
2,1000,0.9418282548476454,50868.25596442771,50931.2677456704,46780.76185504906,0.7,0.1108033240997229,122.675,0.3933518005540166,131.8661971830986,0.4958448753462603,152.15642458100558,1.0,1.0,35,35,47311.2332851389,133.01117318435757,1000,,-1,bipartite,0.6,6,MS_split,361,46610.28055521675,0
1,30,0.8365650969529086,46795.29530792477,46795.29530792477,46795.29530792477,0.0,1.0,129.62603878116343,0.0,,0.0,,1.0,1.0,0,0,46795.29530792477,,1000,,-1,bipartite,0.6,6,DMS_split,361,46795.29530792477,0
2,1000,0.9452054794520548,51842.23525558066,52635.23028920177,47492.73277239121,0.76,0.073972602739726,120.62962962962963,0.3424657534246575,130.224,0.5835616438356165,151.67605633802816,1.0,1.0,38,38,47659.22876797131,131.78403755868544,1000,,-1,bipartite,0.6,7,MS_split,365,47462.23947795987,0
1,24,0.9397260273972604,47560.240189454584,47560.240189454584,47560.240189454584,0.0,1.0,130.3013698630137,0.0,,0.0,,1.0,1.0,0,0,47560.240189454584,,1000,,-1,bipartite,0.6,7,DMS_split,365,47560.240189454584,0
2,1000,0.962406015037594,58223.24234311975,58514.24289923673,52108.74262117824,0.88,0.0100250626566416,121.25,0.1979949874686716,130.56962025316454,0.7919799498746867,150.0727848101266,1.0,1.0,44,44,52516.243452583985,131.77848101265823,1000,,-1,bipartite,0.6,8,MS_split,399,52023.22683520198,0
1,54,0.949874686716792,52015.23034689602,52015.23034689602,52015.23034689602,0.0,1.0,130.36340852130326,0.0,,0.0,,1.0,1.0,0,0,52015.23034689602,,1000,,-1,bipartite,0.6,8,DMS_split,399,52015.23034689602,0
2,1000,0.9439890710382514,53827.1936681816,54276.23882358053,47379.71624588106,0.9,0.0109289617486338,113.0,0.1967213114754098,129.98611111111111,0.7923497267759563,151.7793103448276,1.0,1.0,45,45,47750.19302714597,129.71724137931034,1000,,-1,bipartite,0.6,9,MS_split,366,47230.20992167077,0
1,29,0.894808743169399,47776.2428934141,47776.2428934141,47776.2428934141,0.0,1.0,130.53551912568307,0.0,,0.0,,1.0,1.0,0,0,47776.2428934141,,1000,,-1,bipartite,0.6,9,DMS_split,366,47776.2428934141,0
2,1000,0.8746736292428199,53716.24867447699,53106.23275816779,49826.74071632239,0.66,0.1227154046997389,117.53191489361704,0.4516971279373368,136.23699421965318,0.4255874673629243,151.06134969325154,1.0,1.0,33,33,49840.25012137726,133.98773006134968,1000,,-1,bipartite,0.6,10,MS_split,383,49674.25182683741,0
1,46,0.8616187989556136,49736.254904745,49736.254904745,49736.254904745,0.0,1.0,129.8590078328982,0.0,,0.0,,1.0,1.0,0,0,49736.254904745,,1000,,-1,bipartite,0.6,10,DMS_split,383,49736.254904745,0
2,1000,0.9048843187660668,54893.275444218496,55730.250906450696,50527.7631753346,0.68,0.0899742930591259,117.54285714285714,0.4087403598971722,133.0188679245283,0.5012853470437018,151.94358974358974,1.0,1.0,34,34,50455.24919322677,130.13846153846154,1000,,-1,bipartite,0.6,11,MS_split,389,50418.26430401585,0
1,206,0.910025706940874,50610.261368171115,50610.261368171115,50610.261368171115,0.0,1.0,130.10282776349615,0.0,,0.0,,1.0,1.0,0,0,50610.261368171115,,1000,,-1,bipartite,0.6,11,DMS_split,389,50610.261368171115,0
2,1000,0.9221311475409836,52889.26134305351,52620.24487561596,47584.253109334735,0.8,0.0437158469945355,120.9375,0.3224043715846995,129.6949152542373,0.6338797814207651,153.66379310344828,1.0,1.0,40,40,47617.252438767275,132.38362068965515,1000,,-1,bipartite,0.6,12,MS_split,366,47524.27118144756,0
1,63,0.9275956284153004,47587.2409484486,47587.2409484486,47587.2409484486,0.0,1.0,130.0191256830601,0.0,,0.0,,1.0,1.0,0,0,47587.2409484486,,1000,,-1,bipartite,0.6,12,DMS_split,366,47587.2409484486,0
2,1000,0.9463350785340314,54306.24848393152,55303.26334805356,49874.25591599254,0.84,0.031413612565445,117.08333333333331,0.2853403141361256,132.14678899082568,0.6832460732984293,147.49808429118775,1.0,1.0,42,42,49895.24305243611,132.11111111111111,1000,,-1,bipartite,0.6,13,MS_split,382,49816.25916552951,0
1,58,0.9319371727748692,49427.27291199261,49427.27291199261,49427.27291199261,0.0,1.0,129.39005235602093,0.0,,0.0,,1.0,1.0,0,0,49427.27291199261,,1000,,-1,bipartite,0.6,13,DMS_split,382,49427.27291199261,0
2,1000,0.907967032967033,54199.215374890635,54270.22820645206,47156.72179067135,0.92,0.0054945054945054,126.5,0.1620879120879121,133.96610169491527,0.8324175824175825,151.95379537953795,1.0,1.0,46,46,47434.23111056402,130.7128712871287,1000,,-1,bipartite,0.6,14,MS_split,364,47065.24352113885,0
1,139,0.925824175824176,47805.24105685028,47805.24105685028,47805.24105685028,0.0,1.0,131.33241758241758,0.0,,0.0,,1.0,1.0,0,0,47805.24105685028,,1000,,-1,bipartite,0.6,14,DMS_split,364,47805.24105685028,0
2,1000,0.9376657824933688,54932.27129969619,54203.23765049886,48962.75447509753,0.82,0.0344827586206896,117.15384615384616,0.2811671087533156,131.66037735849056,0.6843501326259946,152.91860465116278,1.0,1.0,41,41,49131.27128375716,129.65116279069767,1000,,-1,bipartite,0.6,15,MS_split,377,48907.25449793097,0
1,106,0.953580901856764,49055.24258417481,49055.24258417481,49055.24258417481,0.0,1.0,130.11936339522546,0.0,,0.0,,1.0,1.0,0,0,49055.24258417481,,1000,,-1,bipartite,0.6,15,DMS_split,377,49055.24258417481,0
2,1000,0.8753351206434317,53776.23067558262,53413.27373639517,48611.252205988894,0.76,0.0589812332439678,119.86363636363636,0.3431635388739946,134.203125,0.5978552278820375,152.2914798206278,1.0,1.0,38,38,48832.238090654675,132.34080717488789,1000,,-1,bipartite,0.6,16,MS_split,373,48543.25485026158,0
1,468,0.9396782841823056,48651.210236846186,48651.210236846186,48651.210236846186,0.0,1.0,130.43163538873995,0.0,,0.0,,1.0,1.0,0,0,48651.210236846186,,1000,,-1,bipartite,0.6,16,DMS_split,373,48651.210236846186,0
2,1000,0.9248704663212436,53257.244505602626,53532.26385052456,50229.254178063595,0.62,0.1476683937823834,122.7719298245614,0.4948186528497409,133.47120418848166,0.3575129533678756,150.47826086956522,1.0,1.0,31,31,50178.25339951442,132.3840579710145,1000,,-1,bipartite,0.6,17,MS_split,386,50126.24193589581,0
1,87,0.932642487046632,50207.24036773723,50207.24036773723,50207.24036773723,0.0,1.0,130.0699481865285,0.0,,0.0,,1.0,1.0,0,0,50207.24036773723,,1000,,-1,bipartite,0.6,17,DMS_split,386,50207.24036773723,0
2,1000,0.9310810810810812,51251.28401858355,50014.25456516896,47894.769291876255,0.52,0.2297297297297297,121.08235294117648,0.4675675675675675,135.0520231213873,0.3027027027027027,157.09821428571428,1.0,1.0,26,26,48065.26564197613,135.92857142857142,1000,,-1,bipartite,0.6,18,MS_split,370,47731.27928238947,0
1,56,0.8729729729729729,48108.28281926229,48108.28281926229,48108.28281926229,0.0,1.0,130.02162162162162,0.0,,0.0,,1.0,1.0,0,0,48108.28281926229,,1000,,-1,bipartite,0.6,18,DMS_split,370,48108.28281926229,0
2,1000,0.9191780821917808,53066.232451643,52243.2341554704,47481.2333035567,0.8,0.0465753424657534,119.23529411764706,0.3150684931506849,134.56521739130434,0.6383561643835617,152.6351931330472,1.0,1.0,40,40,47075.244822684894,129.27467811158797,1000,,-1,bipartite,0.6,19,MS_split,365,47244.2262315939,0
1,89,0.9082191780821918,47054.24923341657,47054.24923341657,47054.24923341657,0.0,1.0,128.9150684931507,0.0,,0.0,,1.0,1.0,0,0,47054.24923341657,,1000,,-1,bipartite,0.6,19,DMS_split,365,47054.24923341657,0
2,1000,0.9581632653061224,69042.28543438556,69537.24513917291,64588.265286779235,0.68,0.0979591836734693,124.52083333333331,0.4204081632653061,133.09708737864077,0.4816326530612245,151.04661016949152,1.0,1.0,34,34,64534.2680666304,132.14406779661016,1000,,-1,bipartite,0.8,0,MS_split,490,64549.26068710636,0
1,20,0.9581632653061224,64839.26306168378,64839.26306168378,64839.26306168378,0.0,1.0,132.32448979591837,0.0,,0.0,,1.0,1.0,0,0,64839.26306168378,,1000,,-1,bipartite,0.8,0,DMS_split,490,64839.26306168378,0
2,1000,0.9720558882235528,73249.25265914394,72857.2535894099,66340.25312427692,0.9,0.0119760479041916,114.66666666666669,0.1676646706586826,126.6547619047619,0.8203592814371258,150.661800486618,1.0,1.0,45,45,67171.25707628317,135.20924574209246,1000,,-1,bipartite,0.8,1,MS_split,501,66206.25314284554,0
1,48,0.9201596806387226,66342.25587104207,66342.25587104207,66342.25587104207,0.0,1.0,132.4191616766467,0.0,,0.0,,1.0,1.0,0,0,66342.25587104207,,1000,,-1,bipartite,0.8,1,DMS_split,501,66342.25587104207,0
2,1000,0.9515151515151516,66978.29322295367,67325.2989741649,65365.29609855929,0.4,0.3656565656565657,126.96685082872928,0.4686868686868687,136.5043103448276,0.1656565656565656,150.34146341463415,1.0,1.0,20,20,65292.27532803509,133.9512195121951,1000,,-1,bipartite,0.8,2,MS_split,495,65319.296638112,0
1,21,0.9626262626262626,65073.28826284819,65073.28826284819,65073.28826284819,0.0,1.0,131.46060606060607,0.0,,0.0,,1.0,1.0,0,0,65073.28826284819,,1000,,-1,bipartite,0.8,2,DMS_split,495,65073.28826284819,0
2,1000,0.949317738791423,76172.23974082396,76206.28160995433,68123.76067538915,0.94,0.0019493177387914,124.0,0.1267056530214425,135.90769230769232,0.8713450292397661,150.3668903803132,1.0,1.0,47,47,68609.25998219426,133.9664429530201,1000,,-1,bipartite,0.8,3,MS_split,513,67852.31088882554,0
1,91,0.9551656920077972,68424.25539737692,68424.25539737692,68424.25539737692,0.0,1.0,133.38011695906434,0.0,,0.0,,1.0,1.0,0,0,68424.25539737692,,1000,,-1,bipartite,0.8,3,DMS_split,513,68424.25539737692,0
2,1000,0.9383983572895276,68332.20258382327,67808.21922296096,64311.71090339212,0.62,0.1314168377823408,121.40625,0.4702258726899384,134.49781659388643,0.3983572895277207,153.41237113402062,1.0,1.0,31,31,64462.21966769575,134.12886597938143,1000,,-1,bipartite,0.8,4,MS_split,487,64286.21240866228,0
1,324,0.9394250513347022,64294.22875518885,64294.22875518885,64294.22875518885,0.0,1.0,132.02053388090349,0.0,,0.0,,1.0,1.0,0,0,64294.22875518885,,1000,,-1,bipartite,0.8,4,DMS_split,487,64294.22875518885,0
2,1000,0.9181636726546906,73495.22971318931,74159.25645490736,66090.74308404834,0.88,0.0179640718562874,117.77777777777776,0.2035928143712574,130.69607843137254,0.7784431137724551,151.54871794871795,1.0,1.0,44,44,66455.22626339342,133.90769230769232,1000,,-1,bipartite,0.8,5,MS_split,501,65921.24816760667,0
1,42,0.9311377245508982,66360.22312170108,66360.22312170108,66360.22312170108,0.0,1.0,132.4550898203593,0.0,,0.0,,1.0,1.0,0,0,66360.22312170108,,1000,,-1,bipartite,0.8,5,DMS_split,501,66360.22312170108,0
2,1000,0.9297520661157024,71323.2530831791,70596.2505806987,64159.7518319389,0.86,0.018595041322314,122.88888888888889,0.2458677685950413,134.94957983193277,0.7355371900826446,152.12921348314606,1.0,1.0,43,43,64463.2582487126,133.57584269662922,1000,,-1,bipartite,0.8,6,MS_split,484,64076.250125154584,0
1,17,0.9524793388429752,64254.24885251932,64254.24885251932,64254.24885251932,0.0,1.0,132.75619834710744,0.0,,0.0,,1.0,1.0,0,0,64254.24885251932,,1000,,-1,bipartite,0.8,6,DMS_split,484,64254.24885251932,0
2,1000,0.9301397205588824,71177.258882146,71101.26457299363,66443.76172756981,0.7,0.091816367265469,126.3913043478261,0.3992015968063872,136.325,0.5089820359281437,149.40392156862745,1.0,1.0,35,35,66684.29421916121,134.09019607843138,1000,,-1,bipartite,0.8,7,MS_split,501,66283.2653050151,0
1,59,0.8802395209580839,66399.26626149369,66399.26626149369,66399.26626149369,0.0,1.0,132.53293413173654,0.0,,0.0,,1.0,1.0,0,0,66399.26626149369,,1000,,-1,bipartite,0.8,7,DMS_split,501,66399.26626149369,0
2,1000,0.9227099236641222,77400.2666748457,77647.24776267406,69690.75721875987,0.92,0.0076335877862595,105.5,0.1583969465648854,135.49397590361446,0.833969465648855,150.41647597254004,1.0,1.0,46,46,69575.26671179933,133.06636155606407,1000,,-1,bipartite,0.8,8,MS_split,524,69594.24140743277,0
1,98,0.958969465648855,69746.26158930147,69746.26158930147,69746.26158930147,0.0,1.0,133.1030534351145,0.0,,0.0,,1.0,1.0,0,0,69746.26158930147,,1000,,-1,bipartite,0.8,8,DMS_split,524,69746.26158930147,0
2,1000,0.941351888667992,70979.24674355179,70526.23745424589,66732.24209889883,0.64,0.1371769383697813,129.63768115942028,0.4493041749502982,136.0486725663717,0.4135188866799205,150.41826923076923,1.0,1.0,32,32,66352.2805273361,133.19230769230768,1000,,-1,bipartite,0.8,9,MS_split,503,66489.2529529091,0
1,80,0.9473161033797216,66402.2671745794,66402.2671745794,66402.2671745794,0.0,1.0,132.01192842942345,0.0,,0.0,,1.0,1.0,0,0,66402.2671745794,,1000,,-1,bipartite,0.8,9,DMS_split,503,66402.2671745794,0
2,1000,0.9166666666666666,67276.22967251425,66349.21893956026,64611.22430603726,0.42,0.3556910569105691,128.0857142857143,0.4593495934959349,136.9513274336283,0.1849593495934959,152.85714285714286,1.0,1.0,21,21,64456.227423933095,130.04395604395606,1000,,-1,bipartite,0.8,10,MS_split,492,64449.23107809923,0
1,52,0.9278455284552846,64583.21219373068,64583.21219373068,64583.21219373068,0.0,1.0,131.26626016260164,0.0,,0.0,,1.0,1.0,0,0,64583.21219373068,,1000,,-1,bipartite,0.8,10,DMS_split,492,64583.21219373068,0
2,1000,0.9168316831683168,72019.28332649542,72588.26087772538,66913.7721021104,0.74,0.0732673267326732,124.70270270270272,0.3722772277227723,134.4627659574468,0.5544554455445545,150.45,1.0,1.0,37,37,67067.29675235147,132.58928571428572,1000,,-1,bipartite,0.8,11,MS_split,505,66848.27046823718,0
1,99,0.9475247524752476,66806.25947859837,66806.25947859837,66806.25947859837,0.0,1.0,132.2891089108911,0.0,,0.0,,1.0,1.0,0,0,66806.25947859837,,1000,,-1,bipartite,0.8,11,DMS_split,505,66806.25947859837,0
2,1000,0.9354508196721312,71875.24587085994,71597.22165101228,64831.733760936106,0.9,0.0122950819672131,114.16666666666669,0.1741803278688524,135.2,0.8135245901639344,150.3727959697733,1.0,1.0,45,45,64928.218474354,132.1889168765743,1000,,-1,bipartite,0.8,12,MS_split,488,64769.23120419932,0
1,47,0.9129098360655736,64616.22797872572,64616.22797872572,64616.22797872572,0.0,1.0,132.40983606557376,0.0,,0.0,,1.0,1.0,0,0,64616.22797872572,,1000,,-1,bipartite,0.8,12,DMS_split,488,64616.22797872572,0
2,1000,0.9448818897637796,75692.28171717531,75046.22723589669,67506.25447653599,0.92,0.0059055118110236,118.33333333333331,0.1456692913385826,133.2972972972973,0.8484251968503937,151.9095127610209,1.0,1.0,46,46,68323.26326929244,134.29466357308584,1000,,-1,bipartite,0.8,13,MS_split,508,67462.26580232379,0
1,65,0.9438976377952756,67482.24578483759,67482.24578483759,67482.24578483759,0.0,1.0,132.83858267716536,0.0,,0.0,,1.0,1.0,0,0,67482.24578483759,,1000,,-1,bipartite,0.8,13,DMS_split,508,67482.24578483759,0
2,1000,0.9567779960707268,72327.24098684927,72394.26566816236,67656.75332750582,0.66,0.1218074656188605,122.30645161290325,0.4479371316306483,136.18859649122808,0.4302554027504912,153.84931506849315,1.0,1.0,33,33,67885.25567444004,133.88584474885846,1000,,-1,bipartite,0.8,14,MS_split,509,67630.23503304247,0
1,36,0.9341846758349706,67846.2637720698,67846.2637720698,67846.2637720698,0.0,1.0,133.2927308447937,0.0,,0.0,,1.0,1.0,0,0,67846.2637720698,,1000,,-1,bipartite,0.8,14,DMS_split,509,67846.2637720698,0
2,1000,0.9565217391304348,73356.2470552634,73954.28389765794,67336.76547646067,0.86,0.0138339920948616,130.14285714285714,0.2608695652173913,134.67424242424244,0.7252964426877471,148.9591280653951,1.0,1.0,43,43,67213.25479202221,132.63215258855587,1000,,-1,bipartite,0.8,15,MS_split,506,67152.24813368164,0
1,281,0.9466403162055336,66865.24301091449,66865.24301091449,66865.24301091449,0.0,1.0,132.14426877470356,0.0,,0.0,,1.0,1.0,0,0,66865.24301091449,,1000,,-1,bipartite,0.8,15,DMS_split,506,66865.24301091449,0
2,1000,0.969939879759519,68624.276318378,67808.2638739005,66055.27009613925,0.4,0.3847695390781563,128.82291666666666,0.4509018036072144,138.23555555555555,0.1643286573146292,155.9390243902439,1.0,1.0,20,20,66446.25585739776,135.0487804878049,1000,,-1,bipartite,0.8,16,MS_split,499,66039.2618632996,0
1,279,0.9218436873747496,66366.27618705988,66366.27618705988,66366.27618705988,0.0,1.0,132.99799599198397,0.0,,0.0,,1.0,1.0,0,0,66366.27618705988,,1000,,-1,bipartite,0.8,16,DMS_split,499,66366.27618705988,0
2,1000,0.9265873015873016,73512.28061628221,73901.25455084324,67050.76758356273,0.88,0.0119047619047619,112.16666666666669,0.2123015873015873,134.74766355140187,0.7757936507936508,149.41432225063937,1.0,1.0,44,44,67390.2610486667,133.35805626598466,1000,,-1,bipartite,0.8,17,MS_split,504,66736.25825359461,0
1,130,0.9285714285714286,67357.24954862309,67357.24954862309,67357.24954862309,0.0,1.0,133.6448412698413,0.0,,0.0,,1.0,1.0,0,0,67357.24954862309,,1000,,-1,bipartite,0.8,17,DMS_split,504,67357.24954862309,0
2,1000,0.9610894941634242,72168.23403585539,72029.2303561104,67944.2321959829,0.64,0.1342412451361867,121.56521739130434,0.4571984435797665,133.40851063829788,0.4085603112840467,154.42380952380952,1.0,1.0,32,32,67848.22983558782,134.8904761904762,1000,,-1,bipartite,0.8,18,MS_split,514,67859.22588936448,0
1,158,0.9406614785992218,67855.22140346364,67855.22140346364,67855.22140346364,0.0,1.0,132.0136186770428,0.0,,0.0,,1.0,1.0,0,0,67855.22140346364,,1000,,-1,bipartite,0.8,18,DMS_split,514,67855.22140346364,0
2,1000,0.9525252525252526,68307.21597780297,68286.2004390823,65372.70820844264,0.5,0.2585858585858586,124.3671875,0.4969696969696969,135.739837398374,0.2444444444444444,156.9917355371901,1.0,1.0,25,25,65475.21566574337,133.28925619834712,1000,,-1,bipartite,0.8,19,MS_split,495,65252.20914669455,0
1,140,0.9313131313131312,65514.20605978052,65514.20605978052,65514.20605978052,0.0,1.0,132.35151515151514,0.0,,0.0,,1.0,1.0,0,0,65514.20605978052,,1000,,-1,bipartite,0.8,19,DMS_split,495,65514.20605978052,0
2,1000,0.9424,87809.27789750208,88777.28219055923,83772.78004403065,0.62,0.144,125.36666666666666,0.472,134.73559322033898,0.384,153.24583333333334,1.0,1.0,31,31,83941.2954602552,134.79583333333332,1000,,-1,bipartite,1.0,0,MS_split,625,83689.26662107714,0
1,142,0.9048,84103.28534776375,84103.28534776375,84103.28534776375,0.0,1.0,134.5648,0.0,,0.0,,1.0,1.0,0,0,84103.28534776375,,1000,,-1,bipartite,1.0,0,DMS_split,625,84103.28534776375,0
2,1000,0.9512,91628.23772345106,91722.27041914556,83707.75407129832,0.86,0.0192,131.41666666666666,0.2416,132.98013245033113,0.7392,151.45238095238096,1.0,1.0,43,43,83576.26147669491,134.35281385281385,1000,,-1,bipartite,1.0,1,MS_split,625,83656.24422997219,0
1,16,0.9344,84031.26348006977,84031.26348006977,84031.26348006977,0.0,1.0,134.4496,0.0,,0.0,,1.0,1.0,0,0,84031.26348006977,,1000,,-1,bipartite,1.0,1,DMS_split,625,84031.26348006977,0
2,1000,0.94,92961.2399633951,92276.24854980796,84157.74425660152,0.94,0.0032,119.0,0.1136,138.01408450704224,0.8832,150.2246376811594,1.0,1.0,47,47,84049.2638755879,134.03442028985506,1000,,-1,bipartite,1.0,2,MS_split,625,84041.24654135367,0
1,121,0.9432,84248.22363588975,84248.22363588975,84248.22363588975,0.0,1.0,134.7968,0.0,,0.0,,1.0,1.0,0,0,84248.22363588975,,1000,,-1,bipartite,1.0,2,DMS_split,625,84248.22363588975,0
2,1000,0.9032,91450.22558371104,91640.27190740268,83861.24874555685,0.82,0.032,119.8,0.296,134.8,0.672,152.65714285714284,1.0,1.0,41,41,84262.23733146007,136.27619047619046,1000,,-1,bipartite,1.0,3,MS_split,625,83711.25217635413,0
1,126,0.944,83832.25626307493,83832.25626307493,83832.25626307493,0.0,1.0,134.1312,0.0,,0.0,,1.0,1.0,0,0,83832.25626307493,,1000,,-1,bipartite,1.0,3,DMS_split,625,83832.25626307493,0
2,1000,0.964,87275.24145520841,88012.26120704385,83674.75133112613,0.62,0.1408,127.35227272727272,0.4784,135.17391304347825,0.3808,149.7941176470588,1.0,1.0,31,31,83774.26176031165,133.9033613445378,1000,,-1,bipartite,1.0,4,MS_split,625,83622.24238140827,0
1,21,0.9288,83594.27311217804,83594.27311217804,83594.27311217804,0.0,1.0,133.7504,0.0,,0.0,,1.0,1.0,0,0,83594.27311217804,,1000,,-1,bipartite,1.0,4,DMS_split,625,83594.27311217804,0
2,1000,0.952,92179.22475875924,91618.24838681042,84002.23657278482,0.9,0.0096,125.83333333333331,0.1808,133.56637168141592,0.8096,150.85177865612647,1.0,1.0,45,45,84111.23214099392,134.57905138339922,1000,,-1,bipartite,1.0,5,MS_split,625,83765.23669417416,0
1,207,0.9424,83550.23129772705,83550.23129772705,83550.23129772705,0.0,1.0,133.68,0.0,,0.0,,1.0,1.0,0,0,83550.23129772705,,1000,,-1,bipartite,1.0,5,DMS_split,625,83550.23129772705,0
2,1000,0.9744,92798.20537230512,92420.27283947196,83862.23910588856,0.94,0.0,,0.12,136.16,0.88,150.15636363636364,1.0,1.0,47,47,83908.22974659021,134.39636363636365,1000,,-1,bipartite,1.0,6,MS_split,625,83807.23573363727,0
1,124,0.9184,83791.2409844609,83791.2409844609,83791.2409844609,0.0,1.0,134.0656,0.0,,0.0,,1.0,1.0,0,0,83791.2409844609,,1000,,-1,bipartite,1.0,6,DMS_split,625,83791.2409844609,0
2,1000,0.9432,92206.2265172128,90758.25552084768,84272.74101903025,0.88,0.0128,133.625,0.2144,135.3134328358209,0.7728,151.14906832298138,1.0,1.0,44,44,84195.23074519994,135.14492753623188,1000,,-1,bipartite,1.0,7,MS_split,625,83950.2403055676,0
1,93,0.9536,83815.25186693491,83815.25186693491,83815.25186693491,0.0,1.0,134.104,0.0,,0.0,,1.0,1.0,0,0,83815.25186693491,,1000,,-1,bipartite,1.0,7,DMS_split,625,83815.25186693491,0
2,1000,0.9328,91836.26940512782,93019.2620452538,83908.26572519081,0.9,0.0096,123.16666666666669,0.1808,132.46902654867256,0.8096,150.4505928853755,1.0,1.0,45,45,83967.254902794,134.48814229249012,1000,,-1,bipartite,1.0,8,MS_split,625,83725.27662689258,0
1,74,0.952,84236.2500021232,84236.2500021232,84236.2500021232,0.0,1.0,134.7776,0.0,,0.0,,1.0,1.0,0,0,84236.2500021232,,1000,,-1,bipartite,1.0,8,DMS_split,625,84236.2500021232,0
2,1000,0.944,87672.2750540277,88296.25287380564,83714.26396391667,0.62,0.144,124.47777777777776,0.472,136.87118644067797,0.384,150.38333333333333,1.0,1.0,31,31,83934.25416125974,134.22083333333333,1000,,-1,bipartite,1.0,9,MS_split,625,83551.26883080613,0
1,147,0.9392,83761.26571777917,83761.26571777917,83761.26571777917,0.0,1.0,134.0176,0.0,,0.0,,1.0,1.0,0,0,83761.26571777917,,1000,,-1,bipartite,1.0,9,DMS_split,625,83761.26571777917,0
2,1000,0.9608,89542.2944149739,89519.25149031435,83753.27295264413,0.72,0.0768,124.77083333333331,0.4064,139.04330708661416,0.5168,149.3374613003096,1.0,1.0,36,36,83678.2617625451,134.34674922600618,1000,,-1,bipartite,1.0,10,MS_split,625,83441.25164299001,0
1,51,0.9792,83578.22421651229,83578.22421651229,83578.22421651229,0.0,1.0,133.7248,0.0,,0.0,,1.0,1.0,0,0,83578.22421651229,,1000,,-1,bipartite,1.0,10,DMS_split,625,83578.22421651229,0
2,1000,0.9528,91325.27933993576,90688.24626093572,83904.26280043574,0.84,0.024,118.8,0.272,137.04117647058823,0.704,150.5590909090909,1.0,1.0,42,42,84068.27976364228,134.61818181818182,1000,,-1,bipartite,1.0,11,MS_split,625,83790.25458455096,0
1,41,0.9544,84148.26451352939,84148.26451352939,84148.26451352939,0.0,1.0,134.6368,0.0,,0.0,,1.0,1.0,0,0,84148.26451352939,,1000,,-1,bipartite,1.0,11,DMS_split,625,84148.26451352939,0
2,1000,0.9504,91216.28128530768,92637.2620984284,83997.27169186805,0.82,0.032,133.65,0.296,135.23783783783784,0.672,151.24761904761905,1.0,1.0,41,41,84728.26920857983,135.3047619047619,1000,,-1,bipartite,1.0,12,MS_split,625,83875.2535926057,0
1,185,0.9336,84196.25064205457,84196.25064205457,84196.25064205457,0.0,1.0,134.7136,0.0,,0.0,,1.0,1.0,0,0,84196.25064205457,,1000,,-1,bipartite,1.0,12,DMS_split,625,84196.25064205457,0
2,1000,0.9368,91662.2699168311,90717.2365433647,83893.2532300979,0.86,0.016,113.7,0.248,134.94193548387096,0.736,151.32391304347826,1.0,1.0,43,43,84184.2678515136,135.61739130434782,1000,,-1,bipartite,1.0,13,MS_split,625,83667.24864450481,0
1,43,0.9512,83661.25968086415,83661.25968086415,83661.25968086415,0.0,1.0,133.8576,0.0,,0.0,,1.0,1.0,0,0,83661.25968086415,,1000,,-1,bipartite,1.0,13,DMS_split,625,83661.25968086415,0
2,1000,0.9576,92508.2617129023,91813.26789168896,84020.26480229563,0.88,0.0128,120.125,0.2144,136.84328358208955,0.7728,151.57349896480332,1.0,1.0,44,44,84086.24064471883,135.66459627329192,1000,,-1,bipartite,1.0,14,MS_split,625,83768.26828715211,0
1,42,0.952,83868.2423977607,83868.2423977607,83868.2423977607,0.0,1.0,134.1888,0.0,,0.0,,1.0,1.0,0,0,83868.2423977607,,1000,,-1,bipartite,1.0,14,DMS_split,625,83868.2423977607,0
2,1000,0.9648,89080.29464586114,87898.26491785857,83946.77978185985,0.62,0.144,129.77777777777777,0.472,136.31186440677965,0.384,154.95,1.0,1.0,31,31,84199.264856815,132.175,1000,,-1,bipartite,1.0,15,MS_split,625,83737.29143702253,0
1,27,0.9592,83896.26214275774,83896.26214275774,83896.26214275774,0.0,1.0,134.2336,0.0,,0.0,,1.0,1.0,0,0,83896.26214275774,,1000,,-1,bipartite,1.0,15,DMS_split,625,83896.26214275774,0
2,1000,0.9504,88604.25190589922,89330.26193795812,84219.75692192867,0.66,0.1152,124.36111111111111,0.4496,136.5017793594306,0.4352,151.8125,1.0,1.0,33,33,84092.25961745236,135.31985294117646,1000,,-1,bipartite,1.0,16,MS_split,625,84117.25522633172,0
1,118,0.9264,84017.24917133276,84017.24917133276,84017.24917133276,0.0,1.0,134.4272,0.0,,0.0,,1.0,1.0,0,0,84017.24917133276,,1000,,-1,bipartite,1.0,16,DMS_split,625,84017.24917133276,0
2,1000,0.9016,92058.20259383495,91942.22893108908,84014.71576246203,0.92,0.0064,148.25,0.1472,132.52173913043478,0.8464,149.85444234404537,1.0,1.0,46,46,84682.22108889936,135.882797731569,1000,,-1,bipartite,1.0,17,MS_split,625,83847.20698767022,0
1,59,0.9368,83912.2446381866,83912.2446381866,83912.2446381866,0.0,1.0,134.2592,0.0,,0.0,,1.0,1.0,0,0,83912.2446381866,,1000,,-1,bipartite,1.0,17,DMS_split,625,83912.2446381866,0
2,1000,0.968,91003.21659683938,91094.21199292057,84129.71429487997,0.86,0.0192,123.41666666666669,0.2416,133.56953642384107,0.7392,150.1147186147186,1.0,1.0,43,43,84185.2103983878,134.96753246753246,1000,,-1,bipartite,1.0,18,MS_split,625,83993.23084291314,0
1,72,0.9688,84402.25759708419,84402.25759708419,84402.25759708419,0.0,1.0,135.0432,0.0,,0.0,,1.0,1.0,0,0,84402.25759708419,,1000,,-1,bipartite,1.0,18,DMS_split,625,84402.25759708419,0
2,1000,0.9536,91454.25345820004,91593.26733438254,83788.2603962913,0.84,0.0192,117.75,0.2816,134.60227272727272,0.6992,151.83295194508008,1.0,1.0,42,42,83566.25568820478,134.34096109839817,1000,,-1,bipartite,1.0,19,MS_split,625,83719.26181567421,0
1,89,0.9632,84047.25737379302,84047.25737379302,84047.25737379302,0.0,1.0,134.4752,0.0,,0.0,,1.0,1.0,0,0,84047.25737379302,,1000,,-1,bipartite,1.0,19,DMS_split,625,84047.25737379302,0
