factor_id,factor_switch_score_pre40,factor_switch_score_pre20,mean_abs_Rdiff_pre40
f3457,103,39,3.8875
f5758,102,46,4.0
f4457,99,46,1.2625
f967,97,43,2.15
f6768,96,39,2.8
f6667,95,43,1.85
f3466,94,36,4.15
f5766,94,39,2.2
f6788,94,43,2.9
f4166,92,40,4.7
f3473,91,36,1.85
f4468,91,39,3.175
f6684,91,36,3.3625
f958,91,43,2.2875
f2773,90,40,4.65
f4144,90,38,1.5
f4184,90,36,3.825
f4188,90,35,1.925
f5866,90,40,3.3625
f6883,90,37,2.3375
f7388,90,37,4.6625
f2775,89,42,3.1
f3084,89,41,3.8
f4066,89,44,2.8875
f4484,89,41,3.1375
f3034,88,36,4.475
f4175,88,42,1.975
f6673,88,41,3.475
f6683,88,34,3.175
f6888,88,34,2.4625
f2784,87,36,4.2375
f3040,87,42,3.575
f3866,86,42,0.0
f3868,86,40,1.875
f4083,86,38,4.0
f4957,86,34,4.4875
f5883,86,34,4.5125
f5884,86,40,4.125
f673,86,36,2.2
f2738,85,43,1.825
f3088,85,39,3.575
f3484,85,36,1.675
f5787,85,37,2.95
f5868,85,34,3.1625
f627,85,36,1.3625
f971,85,37,2.45
f1657,84,40,3.325
f2730,84,38,3.4125
f3083,84,34,2.9875
f3441,84,32,1.475
f3458,84,36,2.775
f4173,84,36,2.6875
f5867,84,38,2.475
f4084,83,42,2.65
f623,83,35,4.125
f641,83,32,1.4875
f4168,82,31,2.8
f4483,82,34,1.6625
f5875,82,38,2.9625
f630,82,39,0.7625
f683,82,30,2.0
f1430,81,44,3.3875
f3488,81,32,3.9
f3844,81,42,3.95
f4068,81,39,2.475
f5888,81,38,3.55
f4058,80,40,4.1125
f684,80,36,2.0125
f6884,80,34,2.775
f984,80,41,2.1625
f1630,79,37,2.425
f4167,79,36,3.625
f666,79,31,3.0625
f668,79,32,3.2625
f6783,79,38,3.175
f69,79,32,2.525
f930,79,42,2.1
f950,79,36,5.7375
f4966,78,29,2.6125
f5765,78,32,3.0
f5776,78,33,1.3375
f675,78,37,1.8125
f866,78,30,4.0
f988,78,36,4.5
f1666,77,32,2.55
f1673,77,37,2.1125
f3449,77,27,3.45
f3884,77,45,1.4625
f341,76,24,2.3
f3841,76,36,4.425
f4088,76,35,3.3125
f4868,76,35,2.5125
f5887,76,33,3.3375
f2466,75,37,2.075
f4984,75,29,2.05
f8387,75,29,1.7625
f1457,74,36,2.875
f3438,74,39,3.45
f3487,74,30,2.0
f3768,74,35,3.025
f6887,74,29,2.175
f7183,74,26,2.4125
f7375,74,40,2.1125
f1668,73,35,3.0375
f2434,73,33,4.8625
f275,73,36,3.875
f282,73,37,2.725
f3440,73,38,4.5125
f383,73,23,1.175
f4183,73,26,4.0125
f5882,73,32,3.7375
f8284,73,32,3.0125
f1484,72,38,2.525
f1675,72,38,3.575
f2484,72,38,3.0
f327,72,27,1.8
f3858,72,37,3.4
f5257,72,29,3.5875
f888,72,30,3.9
f26,71,34,2.4625
f268,71,33,3.275
f3041,71,28,2.5125
f3071,71,27,0.4375
f330,71,29,2.95
f3453,71,27,3.5125
f4988,71,29,3.9625
f1475,70,41,4.3375
f2438,70,39,4.425
f2467,70,39,3.975
f2473,70,34,5.475
f3468,70,29,3.975
f3773,70,36,4.25
f4471,70,30,3.5125
f6671,70,28,3.4875
f7376,70,31,4.5
f8283,70,26,3.6625
f1466,69,35,3.8
f1634,69,32,4.725
f2341,69,31,3.2125
f240,69,33,3.45
f2741,69,29,5.0375
f288,69,33,1.1
f3241,69,31,4.1
f4149,69,23,3.8125
f4449,69,30,3.725
f4967,69,30,4.5375
f544,69,37,4.625
f6669,69,33,3.7875
f68,69,28,1.2
f1483,68,30,2.5
f238,68,40,2.0
f273,68,30,5.275
f3482,68,28,2.325
f3485,68,32,5.2
f3784,68,38,2.9125
f388,68,24,1.6125
f4858,68,32,3.275
f6787,68,37,4.375
f7175,68,30,1.5875
f7184,68,27,1.25
f7684,68,35,3.2125
f824,68,26,3.55
f1485,67,41,6.175
f1667,67,33,4.275
f2327,67,30,2.475
f249,67,27,0.2375
f5083,67,29,4.775
f6568,67,23,3.175
f974,67,28,3.175
f1184,66,32,3.8375
f3448,66,34,1.3375
f3887,66,36,3.5
f4165,66,22,1.5
f4179,66,31,1.7625
f4867,66,36,3.75
f4888,66,34,3.15
f5388,66,28,2.0125
f732,66,30,3.9
f744,66,29,1.4625
f814,66,32,2.625
f873,66,30,1.5
f1434,65,31,4.25
f1458,65,33,4.975
f1684,65,34,4.05
f1687,65,33,4.75
f2437,65,38,3.3875
f2732,65,31,2.225
f2774,65,28,3.1
f3082,65,32,3.1375
f373,65,24,3.125
f3749,65,28,4.3375
f4485,65,34,4.1875
f5067,65,33,2.9
f5383,65,23,1.625
f5791,65,24,3.3125
f624,65,35,3.3375
f816,65,26,4.575
f1637,64,33,3.9
f2366,64,34,2.7875
f2367,64,33,3.05
f2441,64,26,2.95
f3050,64,30,3.75
f3758,64,35,1.4125
f3766,64,33,2.6625
f4150,64,28,2.5
f4267,64,33,1.6
f5088,64,30,3.2625
f716,64,31,3.9375
f7576,64,34,3.275
f7683,64,20,4.0
f8487,64,34,2.7875
f882,64,26,3.875
f942,64,32,1.0
f127,63,33,3.1375
f2776,63,26,1.8125
f3273,63,32,3.2375
f3840,63,29,4.5625
f3848,63,35,3.7625
f4448,63,33,2.05
f4873,63,34,2.15
f4979,63,29,3.65
f534,63,25,1.825
f6575,63,30,2.625
f6583,63,21,4.6625
f1441,62,26,4.0625
f173,62,32,1.5
f23,62,26,3.5375
f2788,62,30,5.475
f3065,62,24,3.25
f3079,62,32,4.975
f3244,62,32,1.2375
f3258,62,34,2.7
f349,62,23,4.1625
f3788,62,30,1.375
f387,62,26,3.85
f424,62,41,3.1625
f4883,62,26,2.3875
f6584,62,30,1.9
f667,62,27,5.75
f6777,62,32,4.0
f6983,62,24,1.2
f838,62,30,3.5
f941,62,27,2.875
f1166,61,30,4.475
f1175,61,36,0.8875
f134,61,26,2.9625
f1448,61,31,5.0125
f2337,61,34,4.8875
f4283,61,23,1.1375
f5068,61,25,1.95
f5268,61,24,3.85
f5273,61,29,5.3875
f5785,61,35,4.1625
f6879,61,32,5.675
f6984,61,30,4.7625
f832,61,26,7.0
f89,61,25,3.2125
f167,60,32,2.1375
f2544,60,24,1.875
f276,60,28,1.4625
f2834,60,24,2.5
f2883,60,27,4.2375
f3157,60,24,1.225
f3775,60,38,3.1625
f3876,60,30,4.275
f4185,60,27,5.4125
f5288,60,22,3.275
f5869,60,28,4.0
f6694,60,26,1.5625
f685,60,32,3.5
f928,60,28,2.0125
f1134,59,27,4.95
f2866,59,29,2.375
f3085,59,32,0.7625
f3465,59,20,1.3625
f3471,59,23,2.3
f36,59,20,4.85
f3853,59,34,1.5375
f4477,59,26,3.6
f5557,59,27,2.425
f646,59,21,2.825
f2027,58,23,1.1125
f2358,58,28,3.9375
f253,58,28,2.0125
f2568,58,24,3.525
f316,58,24,2.0
f3237,58,25,6.4375
f3238,58,34,3.0
f3240,58,31,2.3125
f3491,58,20,1.2875
f3957,58,29,2.3375
f4076,58,31,3.8125
f4079,58,35,2.35
f4450,58,30,3.0
f5058,58,28,2.225
f5075,58,36,3.5
f5879,58,28,3.525
f640,58,30,4.0125
f669,58,26,3.15
f676,58,22,3.9375
f7379,58,32,2.1
f766,58,27,2.1375
f875,58,30,3.1
f158,57,30,1.775
f1679,57,34,4.025
f1766,57,27,2.1
f2779,57,28,5.25
f3287,57,29,1.3875
f3437,57,24,2.75
f3442,57,26,3.175
f3494,57,24,1.0875
f3748,57,30,5.175
f394,57,22,3.25
f4181,57,23,4.7875
f4284,57,28,3.0875
f434,57,22,4.175
f5871,57,23,2.5625
f868,57,22,3.875
f887,57,29,4.0375
f1057,56,24,2.3875
f1557,56,24,3.2125
f1638,56,30,4.675
f1730,56,24,5.125
f211,56,30,2.9625
f2368,56,25,3.8
f2888,56,24,3.9625
f3046,56,20,1.4875
f3134,56,20,2.4125
f3475,56,24,5.8375
f3657,56,24,1.2875
f3944,56,30,2.275
f4050,56,32,2.025
f444,56,28,5.025
f466,56,25,4.8
f4882,56,22,3.8625
f5283,56,20,3.525
f5367,56,27,3.6875
f566,56,28,1.1375
f5783,56,25,4.225
f659,56,20,4.0
f6672,56,24,1.3375
f679,56,29,1.775
f6881,56,22,1.525
f7188,56,25,4.6125
f7788,56,23,3.075
f7988,56,25,4.9375
f827,56,28,5.3
f8287,56,25,2.725
f834,56,21,3.05
f1130,55,28,2.8125
f1453,55,30,2.475
f1685,55,31,3.55
f213,55,26,2.7875
f2777,55,24,2.825
f2830,55,26,2.55
f3037,55,29,2.25
f3744,55,33,2.325
f4065,55,27,3.1
f5275,55,28,2.7625
f5284,55,24,3.9
f5769,55,28,3.9125
f5770,55,24,4.175
f582,55,24,2.025
f612,55,21,2.85
f6774,55,29,1.6875
f1734,54,20,1.725
f1768,54,20,2.5
f2267,54,23,3.025
f248,54,27,2.2875
f371,54,21,4.4375
f3869,54,30,5.825
f3879,54,34,1.5
f3973,54,25,2.85
f4275,54,30,3.8875
f4486,54,24,3.0625
f4496,54,23,3.3125
f467,54,28,2.225
f5066,54,27,5.0375
f5357,54,26,4.0375
f5789,54,22,5.7125
f5874,54,24,1.0875
f5967,54,26,0.5
f665,54,20,3.775
f6686,54,22,2.35
f6982,54,22,2.5
f7386,54,25,4.0125
f8390,54,22,2.7875
f948,54,27,3.55
f2344,53,31,3.675
f2448,53,35,3.55
f2584,53,26,2.15
f271,53,23,3.525
f29,53,31,4.075
f3144,53,22,3.9125
f324,53,23,1.225
f3275,53,33,4.15
f3496,53,23,4.4625
f4044,53,31,5.75
f4191,53,19,4.8625
f5375,53,30,2.35
f5382,53,26,3.3875
f540,53,39,1.7375
f575,53,32,4.45
f5760,53,23,1.95
f6794,53,31,4.075
f758,53,26,2.05
f8891,53,21,1.0
f1150,52,29,5.225
f1227,52,22,2.15
f1266,52,20,2.4875
f1424,52,30,2.0
f1476,52,30,3.325
f2666,52,24,1.7125
f2667,52,26,2.8
f277,52,25,2.375
f2858,52,27,3.975
f3094,52,26,2.3125
f3474,52,23,3.0375
f39,52,22,4.175
f4042,52,29,2.35
f4069,52,28,2.2875
f4196,52,19,2.1125
f4282,52,22,3.425
f4445,52,23,2.8125
f46,52,23,4.5
f4950,52,20,4.5
f4952,52,14,3.5
f5566,52,24,3.55
f5761,52,23,2.9875
f5877,52,23,1.275
f634,52,24,2.5
f82100,52,22,2.8375
f83100,52,19,2.5625
f8494,52,27,1.125
f885,52,30,1.225
f1444,51,31,4.3
f1753,51,25,4.825
f1767,51,25,2.575
f1788,51,19,2.7875
f1841,51,21,4.3875
f2257,51,23,2.55
f2530,51,23,2.9125
f2641,51,21,2.3875
f2754,51,21,2.175
f2882,51,21,3.2875
f2966,51,23,0.975
f3188,51,19,4.45
f3249,51,22,3.1
f3742,51,23,4.875
f375,51,26,3.1
f4474,51,27,1.9
f4657,51,23,4.6625
f473,51,23,3.2
f488,51,23,4.025
f4885,51,28,5.0
f5968,51,17,4.7625
f6166,51,23,4.2875
f6695,51,23,1.975
f6699,51,23,1.55
f7378,51,22,1.7375
f7577,51,27,0.8125
f84100,51,27,2.55
f8493,51,22,2.3625
f1068,50,18,3.05
f1176,50,23,3.6
f1449,50,24,2.025
f1567,50,24,1.7
f1927,50,21,3.6
f2066,50,24,3.0375
f2168,50,18,2.6375
f2241,50,18,4.1625
f232,50,30,3.0
f2634,50,20,2.65
f2657,50,24,2.3875
f2780,50,23,4.6125
f3567,50,24,2.825
f3842,50,28,4.5
f3850,50,31,2.025
f3877,50,28,3.5
f3958,50,26,2.7875
f4186,50,19,6.2
f4192,50,20,2.8
f4199,50,19,1.9
f482,50,22,2.5625
f4879,50,30,2.6125
f5269,50,26,4.425
f5376,50,23,1.8125
f5379,50,28,2.725
f5468,50,18,2.6375
f5792,50,22,2.1
f6872,50,20,2.35
f7273,50,26,5.05
f7581,50,30,5.1625
f7594,50,34,3.5
f8184,50,25,0.8125
f8285,50,26,2.85
f915,50,20,1.0
f969,50,30,2.2625
f1185,49,28,7.0125
f1267,49,25,4.7
f1341,49,19,3.1125
f1383,49,17,2.625
f214,49,30,3.0625
f216,49,28,3.5625
f2183,49,15,1.975
f2268,49,14,4.4125
f2283,49,15,4.2375
f2541,49,17,2.7875
f256,49,21,3.6
f3252,49,26,5.3375
f4190,49,18,5.3375
f4194,49,20,6.4625
f4198,49,19,1.6125
f4358,49,22,5.1125
f5793,49,21,3.8125
f6786,49,25,4.1375
f6798,49,24,3.9375
f773,49,20,3.3125
f893,49,20,6.125
f910,49,22,2.45
f916,49,23,6.7125
f925,49,22,2.175
f1137,48,22,3.85
f1534,48,18,2.8
f1672,48,26,3.0
f2088,48,22,1.775
f2166,48,19,4.7375
f2230,48,18,0.0
f2288,48,18,4.225
f2338,48,30,2.825
f242,48,26,3.0875
f2442,48,28,3.075
f2537,48,21,1.825
f2549,48,18,1.2625
f2683,48,18,1.775
f287,48,27,3.275
f3036,48,20,5.8875
f3069,48,24,2.325
f3141,48,16,3.65
f3173,48,20,3.9125
f3349,48,14,4.5375
f3459,48,18,5.4375
f3769,48,27,3.95
f4160,48,18,3.5
f425,48,23,5.1625
f4276,48,21,3.8375
f4373,48,20,5.3625
f4384,48,22,1.875
f4495,48,20,4.2875
f4871,48,20,4.2875
f4994,48,20,3.6625
f5082,48,22,0.7875
f5183,48,17,4.35
f5584,48,23,2.1625
f5658,48,20,1.85
f5795,48,22,5.15
f5988,48,18,1.0
f620,48,22,3.3375
f6273,48,20,1.8625
f639,48,20,2.525
f6466,48,19,1.4125
f6670,48,19,5.4125
f6987,48,26,1.6875
f7083,48,16,3.4375
f7389,48,20,3.0125
f7688,48,20,4.3625
f8183,48,18,2.4125
f8398,48,16,4.5125
f858,48,19,6.1125
f8688,48,20,1.5
f8892,48,20,2.45
f8893,48,18,2.0
f931,48,19,2.9875
f1179,47,32,3.45
f1367,47,23,4.775
f142,47,25,5.525
f1494,47,26,3.975
f1740,47,26,1.0875
f1787,47,22,4.5125
f19,47,32,3.625
f2049,47,19,2.9125
f228,47,26,2.3375
f2391,47,24,4.725
f2432,47,24,4.3375
f2488,47,23,5.9625
f265,47,20,3.8375
f2763,47,21,3.6875
f2798,47,21,4.1875
f2868,47,19,6.6875
f3080,47,20,0.8625
f3158,47,20,5.6125
f3462,47,19,5.975
f3568,47,19,1.2375
f3771,47,19,1.5375
f38,47,17,1.6625
f4087,47,27,3.725
f4152,47,19,6.8125
f4853,47,25,4.1
f4982,47,20,3.1875
f5458,47,20,1.7625
f5683,47,15,4.175
f5894,47,25,3.225
f6088,47,19,3.475
f6367,47,23,2.3875
f6384,47,22,2.1625
f6473,47,20,1.825
f6573,47,26,3.325
f6696,47,19,2.4125
f677,47,22,3.9375
f6793,47,21,0.875
f6795,47,23,2.275
f6796,47,23,1.3
f686,47,20,1.7875
f6878,47,17,2.825
f6889,47,17,3.3125
f7395,47,20,2.325
f7593,47,27,2.4375
f7888,47,18,3.7625
f8497,47,22,4.1625
f952,47,23,4.075
f1171,46,19,3.225
f1268,46,14,4.5
f1366,46,18,3.7
f1368,46,17,3.15
f1758,46,22,2.2375
f176,46,22,3.375
f1868,46,17,1.85
f2134,46,19,4.725
f2258,46,18,4.0
f2575,46,28,0.7875
f2583,46,18,3.95
f2627,46,19,3.0
f2675,46,30,4.5
f2684,46,24,2.5
f2799,46,20,4.0
f2930,46,20,2.175
f3060,46,20,2.0625
f3373,46,17,5.725
f3463,46,16,2.7
f3573,46,20,4.425
f3583,46,15,2.275
f3666,46,18,1.8
f3894,46,30,4.0
f4456,46,20,0.6375
f4459,46,20,1.5
f4478,46,22,0.1625
f4652,46,17,5.875
f49100,46,16,1.5
f4986,46,16,4.4
f5588,46,20,2.5
f5891,46,18,3.45
f5893,46,19,4.175
f6778,46,23,1.85
f7275,46,30,5.1125
f7399,46,20,1.0
f782,46,14,3.7125
f811,46,21,3.725
f8391,46,14,2.4625
f8392,46,16,2.0125
f1058,45,21,3.1
f1273,45,21,3.7875
f1373,45,21,1.7125
f1471,45,21,1.7875
f1583,45,15,2.725
f1652,45,21,2.5875
f1782,45,17,4.6375
f1867,45,23,1.7375
f2141,45,16,1.7
f2479,45,29,2.2625
f27100,45,23,2.5
f2742,45,25,2.4
f2769,45,23,5.15
f2791,45,18,2.45
f2871,45,16,4.0125
f2949,45,13,3.4875
f3175,45,22,2.375
f3184,45,20,0.8375
f3872,45,26,2.7375
f3941,45,20,0.85
f3984,45,26,1.15
f414,45,24,5.475
f4567,45,23,3.4375
f458,45,22,3.45
f4583,45,15,3.225
f4788,45,19,2.975
f484,45,24,2.725
f4970,45,13,4.2625
f5558,45,22,5.2125
f5657,45,21,3.725
f5666,45,18,3.5875
f6267,45,23,1.9375
f6288,45,19,3.475
f651,45,17,3.0
f6985,45,27,5.0375
f737,45,19,3.075
f768,45,17,3.3375
f813,45,20,5.6625
f826,45,18,5.0625
f835,45,20,4.375
f935,45,18,3.175
f994,45,24,4.5125
f1124,44,25,1.325
f137,44,28,1.55
f1388,44,18,2.7625
f1437,44,29,5.1875
f1487,44,29,4.6875
f1625,44,22,1.7625
f1628,44,24,1.675
f1681,44,22,3.7
f171,44,20,3.575
f1776,44,18,3.9375
f1830,44,18,1.5
f187,44,26,2.5
f1988,44,18,3.0
f2034,44,19,4.025
f2175,44,26,0.6875
f2223,44,25,5.7875
f2275,44,24,2.3375
f237,44,28,3.8
f2658,44,22,2.2
f2747,44,17,4.5
f2789,44,17,4.175
f2983,44,15,5.4375
f3039,44,24,2.6125
f3045,44,20,6.2375
f3168,44,15,3.55
f3340,44,21,3.0375
f344,44,20,3.5375
f3582,44,16,5.0125
f374,44,16,4.8625
f3881,44,27,2.925
f40100,44,22,2.6625
f4054,44,21,2.775
f4059,44,25,1.9375
f41100,44,17,3.6
f4783,44,14,3.5625
f483,44,19,5.025
f4956,44,12,1.3125
f5073,44,25,5.575
f5085,44,30,3.8375
f5575,44,28,1.5
f5898,44,20,3.05
f6082,44,16,1.7875
f6083,44,14,0.9875
f6167,44,21,4.6125
f6188,44,18,2.2125
f6895,44,14,2.0625
f7082,44,16,6.15
f7482,44,18,2.7875
f783,44,13,4.725
f7985,44,33,2.275
f8083,44,14,4.5
f8291,44,14,1.7875
f926,44,20,3.5
f991,44,20,3.0
f1234,43,17,3.175
f1275,43,25,3.7
f1375,43,27,3.4125
f1558,43,19,3.0875
f1694,43,25,3.3375
f1983,43,15,3.175
f2032,43,19,5.3
f2760,43,18,3.5
f2786,43,15,5.7625
f293,43,19,1.8
f2934,43,17,3.675
f3090,43,22,3.3125
f3091,43,18,2.1375
f3358,43,19,5.05
f3541,43,16,2.15
f3891,43,20,3.425
f4499,43,20,6.125
f4673,43,19,3.0625
f4687,43,18,3.1875
f5860,43,23,4.5875
f5899,43,19,3.4625
f619,43,16,2.3125
f629,43,15,2.4125
f633,43,15,2.7625
f653,43,16,6.2375
f6769,43,23,5.6375
f6789,43,21,1.775
f6799,43,21,3.6
f681,43,21,2.4875
f68100,43,16,3.65
f697,43,16,1.725
f75100,43,25,2.825
f8399,43,15,1.325
f920,43,19,3.3125
f932,43,26,2.075
f936,43,18,3.725
f937,43,25,3.3
f1044,42,20,1.5
f1083,42,13,4.8125
f1384,42,20,3.2
f1654,42,19,2.2125
f1944,42,20,1.35
f1975,42,26,1.8125
f2339,42,26,3.2125
f2640,42,27,2.1375
f269,42,27,3.5125
f2837,42,24,2.35
f291,42,18,0.9625
f2940,42,24,2.0
f2941,42,17,3.9375
f321,42,12,4.05
f3490,42,19,5.15
f384,42,16,5.9875
f3968,42,18,4.15
f4047,42,21,2.5125
f4060,42,21,1.0125
f4089,42,24,2.5
f4161,42,17,2.4375
f4180,42,17,4.0625
f4349,42,14,2.7875
f449,42,16,0.625
f4490,42,23,2.225
f4568,42,14,3.3125
f4996,42,12,4.075
f584,42,26,3.15
f5880,42,19,5.35
f613,42,16,3.7125
f6475,42,26,3.8125
f6484,42,20,1.2
f6880,42,14,3.7375
f6893,42,14,3.7
f693,42,15,4.5
f696,42,15,1.9875
f7592,42,26,4.6125
f775,42,22,0.5625
f8084,42,20,2.3
f8292,42,14,4.15
f8495,42,20,2.2
f892,42,18,6.15
f1479,41,28,1.7625
f1646,41,17,2.2625
f1866,41,17,2.2375
f1875,41,22,3.55
f1957,41,21,5.2875
f2184,41,20,2.65
f2188,41,17,1.6
f2240,41,24,1.6875
f2282,41,13,4.35
f243,41,21,2.95
f2472,41,25,2.7375
f2540,41,22,2.1375
f278,41,19,2.325
f2848,41,22,6.425
f2875,41,23,6.875
f315,41,12,3.0625
f3248,41,27,3.75
f3269,41,23,4.0125
f3460,41,14,2.525
f3549,41,13,3.05
f3779,41,25,5.0125
f4096,41,24,3.9625
f4964,41,13,2.825
f4974,41,15,2.55
f4999,41,13,2.05
f5966,41,16,4.55
f660,41,16,3.8125
f7084,41,20,1.85
f77100,41,24,6.8
f963,41,20,0.6375
f1858,40,18,1.8125
f2053,40,20,2.125
f2158,40,18,4.2875
f2348,40,28,3.775
f2465,40,16,1.75
f2538,40,24,2.0125
f2571,40,17,4.7
f2682,40,14,1.275
f2968,40,15,1.5
f3059,40,18,2.9125
f3140,40,19,2.4
f34100,40,14,0.4
f3436,40,14,1.175
f3451,40,14,1.825
f352,40,12,2.775
f3839,40,26,3.7875
f4061,40,23,4.3
f4099,40,23,0.2
f4271,40,16,3.5625
f4558,40,18,3.1875
f4671,40,11,2.25
f4782,40,14,4.0
f48,40,20,4.2625
f4876,40,21,4.775
f4981,40,15,4.5875
f5287,40,17,2.575
f5356,40,17,3.325
f5780,40,18,3.2125
f5864,40,18,4.7
f5895,40,18,1.75
f6168,40,15,3.0
f6182,40,12,3.1625
f635,40,15,1.8625
f6579,40,19,1.5
f662,40,15,3.8625
f6797,40,22,3.7375
f698,40,17,4.125
f7185,40,18,4.15
f8297,40,12,1.8375
f8486,40,22,4.425
f874,40,18,1.8375
f956,40,20,4.0
f993,40,20,1.0
f1067,39,21,4.8625
f114,39,27,1.9625
f153,39,22,1.2625
f1622,39,17,3.55
f1656,39,17,2.35
f1662,39,19,4.6875
f1680,39,19,3.9625
f1844,39,21,4.225
f2030,39,19,5.375
f226,39,19,2.75
f2287,39,16,4.65
f229,39,19,4.925
f2452,39,19,3.575
f263,39,19,5.575
f2762,39,18,1.5875
f3035,39,19,3.1375
f3072,39,20,2.2625
f354,39,13,3.2
f3544,39,21,1.475
f37,39,13,3.275
f3785,39,27,3.25
f4462,39,21,0.975
f5682,39,12,2.0125
f57100,39,20,3.175
f5892,39,19,6.1875
f615,39,16,0.8125
f6275,39,22,5.275
f7172,39,16,4.8125
f7590,39,24,4.5875
f7884,39,20,2.9375
f961,39,21,2.0375
f1173,38,19,4.575
f1214,38,22,5.0
f1334,38,15,1.9375
f1446,38,17,2.25
f1664,38,19,1.2
f1689,38,19,2.125
f169,38,25,5.9875
f185,38,28,3.0
f2477,38,21,3.575
f2481,38,22,4.875
f2876,38,18,3.0375
f2988,38,14,3.1125
f3077,38,21,5.975
f317,38,14,2.0
f3276,38,19,3.5375
f339,38,16,1.925
f3445,38,15,2.7375
f3447,38,17,7.3375
f3746,38,16,0.6375
f3878,38,22,3.5375
f3880,38,22,2.5
f3890,38,21,2.6
f3892,38,22,5.0625
f4045,38,23,3.3875
f4063,38,23,1.6125
f4098,38,25,4.075
f5052,38,18,2.3375
f5378,38,21,5.1
f5863,38,18,5.8125
f6066,38,16,3.7875
f6100,38,16,1.2875
f636,38,14,4.5
f6368,38,12,5.125
f664,38,16,1.85
f6698,38,16,3.85
f689,38,16,1.0
f694,38,20,0.625
f7196,38,13,4.15
f72100,38,24,1.175
f73100,38,19,1.6125
f7393,38,16,2.8375
f756,38,12,3.9625
f7596,38,22,5.225
f876,38,16,2.4
f8797,38,19,4.9
f992,38,22,3.5
f1040,37,16,3.8625
f1433,37,20,2.8875
f1474,37,21,3.4375
f148,37,27,1.4125
f1692,37,19,0.775
f1727,37,18,6.1375
f2123,37,20,1.775
f262,37,17,3.375
f2733,37,16,1.9125
f2756,37,18,3.6875
f28,37,21,5.55
f281,37,24,5.0375
f332,37,19,5.8125
f362,37,13,4.1
f3667,37,19,2.3625
f3793,37,18,3.1125
f3863,37,21,2.825
f395,37,13,6.0
f3971,37,14,4.0375
f4070,37,20,1.1125
f4265,37,20,5.6125
f441,37,12,5.0375
f4993,37,12,2.2
f5466,37,14,4.875
f5684,37,16,3.25
f5983,37,15,5.85
f6084,37,20,2.9125
f647,37,16,1.6625
f6587,37,15,1.9625
f6977,37,22,6.325
f711,37,21,3.425
f7595,37,20,4.2
f1340,36,17,3.025
f1387,36,18,2.5875
f1588,36,16,2.9
f1686,36,20,2.3625
f1938,36,22,4.8
f2138,36,21,3.6625
f2350,36,22,4.0125
f2369,36,24,1.85
f2376,36,16,3.3625
f2395,36,20,6.225
f2491,36,14,3.8
f2885,36,24,1.5
f3153,36,18,3.725
f3242,36,23,3.5875
f3470,36,14,3.5
f3895,36,22,1.8
f4080,36,19,2.9375
f4672,36,20,4.7125
f4676,36,14,2.0625
f4865,36,20,3.5625
f4869,36,22,3.2625
f4887,36,19,5.0125
f49,36,24,1.775
f5276,36,10,3.525
f530,36,26,3.4
f542,36,21,5.4625
f6187,36,16,1.2375
f6383,36,12,4.4
f7178,36,12,4.35
f7285,36,24,1.425
f738,36,22,2.6375
f7578,36,23,3.375
f7785,36,22,3.325
f8295,36,12,3.5
f8798,36,16,2.2625
f895,36,16,4.5625
f919,36,18,1.275
f1023,35,21,6.025
f1148,35,24,3.0
f1316,35,17,3.8625
f1428,35,23,1.1125
f1455,35,20,1.6875
f1530,35,18,3.45
f1643,35,17,3.75
f2040,35,17,3.475
f2276,35,14,3.225
f233,35,18,0.9
f245,35,17,5.0625
f260,35,17,2.5625
f264,35,17,4.0625
f2770,35,16,2.9875
f2832,35,21,2.8625
f3575,35,23,1.175
f37100,35,16,2.7125
f3893,35,21,5.975
f396,35,10,4.65
f4147,35,10,3.7625
f4252,35,15,3.7
f4353,35,16,2.7375
f5391,35,17,3.5125
f5457,35,14,7.325
f6576,35,10,1.0125
f7087,35,16,4.6375
f7681,35,17,3.875
f7787,35,18,2.025
f817,35,14,1.65
f970,35,19,4.3875
f997,35,21,4.125
f1132,34,22,3.6375
f1461,34,19,3.725
f1464,34,19,2.9
f1472,34,22,4.5
f1495,34,19,4.3125
f1678,34,17,2.8875
f2037,34,20,3.625
f2476,34,15,2.75
f2591,34,10,4.8875
f290,34,20,1.5
f2976,34,16,2.7125
f3279,34,22,3.0
f3285,34,24,5.6
f3439,34,14,4.9875
f346,34,8,5.8125
f3538,34,21,3.4125
f3847,34,20,1.575
f4250,34,20,1.9125
f4269,34,20,0.5
f5265,34,8,3.125
f680,34,16,3.2125
f7073,34,16,3.5875
f7476,34,12,0.5
f869,34,16,3.3375
f8790,34,18,1.85
f9100,34,18,4.9875
f914,34,20,5.5375
f980,34,18,4.425
f128,33,24,5.9125
f14,33,26,1.425
f1418,33,18,0.5875
f1422,33,17,2.2875
f1544,33,18,2.45
f1744,33,18,7.2
f2171,33,12,1.8625
f231,33,17,3.775
f24100,33,20,3.1625
f2844,33,20,5.3625
f295,33,18,4.3875
f2950,33,16,3.5
f299,33,18,1.8875
f3070,33,16,1.2875
f3265,33,16,3.175
f3352,33,12,4.4125
f3375,33,20,2.1125
f3478,33,12,4.7625
f392,33,9,2.4625
f417,33,20,3.4125
f4480,33,18,5.05
f5053,33,18,1.65
f5098,33,16,4.0125
f553,33,18,3.9875
f5878,33,20,5.7625
f6597,33,14,4.7875
f69100,33,17,3.7625
f7189,33,10,2.5625
f7198,33,12,1.8875
f843,33,13,2.6625
f879,33,18,1.7625
f881,33,15,0.975
f1032,32,17,5.35
f1365,32,14,3.1375
f1431,32,16,2.3625
f1499,32,17,4.4
f1565,32,12,3.1625
f1566,32,14,4.4
f1575,32,20,4.6125
f1635,32,18,4.0375
f1698,32,18,0.4625
f2182,32,12,0.8875
f2426,32,20,1.1625
f2456,32,14,3.0
f2850,32,18,1.6125
f2865,32,12,1.5
f3146,32,14,5.4375
f3271,32,18,6.1875
f3274,32,18,3.9125
f3687,32,18,6.9125
f369,32,13,1.9625
f3860,32,19,5.9
f3898,32,19,4.4
f4248,32,20,1.5
f429,32,20,3.1875
f5072,32,18,3.375
f5285,32,16,2.8625
f548,32,22,1.1
f579,32,26,4.5875
f5984,32,16,4.7125
f6373,32,15,6.025
f6697,32,14,4.775
f7496,32,15,4.7
f787,32,14,3.5
f856,32,12,2.525
f999,32,20,2.3125
f1071,31,8,2.6875
f1376,31,13,5.675
f1549,31,9,1.75
f1670,31,17,3.55
f1754,31,16,6.7125
f1974,31,15,4.05
f2493,31,17,3.6
f2526,31,18,5.2
f2553,31,14,4.2
f3247,31,16,4.5375
f329,31,10,2.375
f381,31,11,2.925
f390,31,10,2.375
f3985,31,24,2.8875
f4254,31,17,6.05
f4454,31,16,0.85
f485,31,22,2.3875
f4960,31,10,3.5875
f5097,31,14,5.9625
f5386,31,14,4.55
f5976,31,12,5.6375
f6365,31,13,7.05
f663,31,12,3.55
f7486,31,16,0.7625
f8182,31,15,4.1
f94100,31,12,3.5125
f1088,30,12,3.2875
f1288,30,12,4.9875
f1337,30,18,3.625
f1420,30,22,3.925
f1834,30,10,4.375
f2065,30,14,2.3125
f2336,30,19,2.4375
f2347,30,15,4.5
f2379,30,24,1.95
f2454,30,16,2.325
f2688,30,14,5.45
f2881,30,18,5.975
f2969,30,14,6.3375
f3148,30,12,5.325
f3387,30,14,1.5
f345,30,8,2.425
f3495,30,10,3.275
f355,30,9,2.7
f378,30,8,3.5
f3974,30,16,3.6875
f4582,30,12,3.6125
f4674,30,8,3.3875
f4959,30,9,2.0375
f5079,30,20,5.35
f5277,30,9,2.725
f5381,30,13,0.95
f6165,30,12,4.75
f6593,30,8,2.2875
f6596,30,12,4.7375
f672,30,14,6.4625
f6986,30,18,4.1875
f7194,30,14,1.0
f7396,30,15,4.95
f810,30,14,2.75
f846,30,9,2.0125
f8795,30,16,3.9375
f8895,30,12,5.2625
f8897,30,12,5.8625
f898,30,14,3.0
f139,29,20,2.4125
f1425,29,21,1.975
f236,29,17,0.8
f2360,29,15,3.275
f2425,29,16,2.675
f2532,29,18,1.8875
f2581,29,13,1.0625
f3182,29,13,5.7125
f3571,29,10,2.7
f3761,29,17,4.3125
f3763,29,17,1.6875
f3770,29,14,4.9375
f3798,29,17,4.3125
f3845,29,17,4.1875
f4286,29,14,6.1875
f4371,29,10,2.025
f4464,29,16,5.125
f4656,29,10,2.8
f5056,29,15,2.775
f528,29,16,3.8
f5870,29,17,6.875
f6371,29,10,2.725
f6981,29,15,1.8625
f7174,29,12,3.5375
f7279,29,20,4.45
f820,29,13,0.8875
f921,29,20,1.375
f1126,28,17,7.8
f1486,28,18,2.9125
f15,28,22,3.0
f150,28,18,3.55
f1525,28,8,6.5125
f1873,28,15,4.3125
f2173,28,12,5.625
f225,28,18,3.2125
f239,28,20,1.525
f2461,28,16,1.3375
f2498,28,16,1.7875
f2499,28,14,1.5
f2550,28,14,4.6
f2649,28,11,3.525
f335,28,8,4.3125
f343,28,8,1.5
f3489,28,10,2.7375
f3676,28,12,3.7875
f3772,28,18,2.575
f3797,28,16,3.1625
f393,28,6,1.9125
f398,28,8,0.9
f4256,28,12,3.8125
f4279,28,20,0.6625
f4682,28,12,6.4125
f4753,28,12,3.3
f4775,28,20,4.6125
f4881,28,18,3.725
f5086,28,16,3.375
f5286,28,10,2.95
f5359,28,12,4.6125
f622,28,12,3.55
f6577,28,11,1.5
f6972,28,16,1.5375
f7291,28,16,5.5375
f7492,28,12,1.125
f7691,28,8,3.3875
f7694,28,14,3.0
f771,28,6,2.1
f7779,28,18,2.5
f8082,28,14,1.625
f8100,28,14,2.875
f812,28,12,2.375
f8286,28,14,4.1625
f1074,27,14,4.725
f1123,27,18,3.0
f1186,27,15,2.4875
f177,27,18,4.0375
f1937,27,15,3.8375
f2248,27,14,1.525
f2353,27,15,4.7
f2354,27,15,3.325
f2429,27,15,5.65
f2436,27,15,1.6375
f280,27,17,1.7125
f2897,27,13,7.425
f3255,27,14,1.025
f3293,27,14,1.35
f3673,27,14,3.525
f3870,27,15,4.975
f422,27,17,3.975
f4261,27,15,6.4125
f4277,27,15,1.2875
f4299,27,14,4.6375
f4891,27,15,4.0125
f5090,27,15,0.7375
f5363,27,14,4.9375
f5377,27,11,3.3375
f5396,27,10,2.7125
f5479,27,16,6.55
f6581,27,9,1.55
f7181,27,11,3.875
f727,27,11,7.125
f7392,27,14,4.4375
f7497,27,11,4.7625
f8593,27,16,2.0875
f860,27,11,1.1
f870,27,11,0.125
f1156,26,13,4.6625
f1353,26,11,3.875
f1429,26,18,3.3
f1574,26,14,3.35
f1748,26,18,1.35
f1824,26,16,4.3
f2069,26,14,1.3875
f2148,26,12,5.4
f2377,26,16,1.0
f2531,26,10,4.4375
f298,26,17,2.3625
f3063,26,13,7.225
f336,26,8,3.0875
f34,26,8,4.2375
f3443,26,8,5.4
f3674,26,11,2.2375
f380,26,8,4.4125
f386,26,8,4.125
f3948,26,20,5.075
f4246,26,12,2.775
f4274,26,14,1.8875
f4648,26,14,4.2625
f471,26,8,2.6625
f487,26,15,3.2625
f5372,26,12,3.6875
f5374,26,12,3.325
f5665,26,8,4.5375
f577,26,17,2.25
f6076,26,12,2.9125
f643,26,12,2.5
f7190,26,8,3.5
f7193,26,6,4.1
f7296,26,10,5.7875
f7993,26,18,5.0125
f9094,26,13,2.1375
f912,26,16,2.5
f1139,25,18,1.625
f1253,25,12,4.075
f1324,25,14,4.25
f145,25,16,5.075
f1497,25,17,0.1875
f2137,25,15,4.075
f2167,25,13,5.725
f2169,25,11,3.1375
f2269,25,13,3.4625
f2494,25,15,2.6625
f259,25,15,3.7
f2751,25,10,7.125
f3292,25,16,4.8
f3644,25,14,5.9125
f3792,25,15,0.5875
f5278,25,8,3.525
f5587,25,14,3.175
f6191,25,6,6.225
f621,25,12,4.35
f742,25,13,3.575
f7498,25,12,2.475
f8187,25,14,5.6
f828,25,12,2.5875
f8596,25,16,3.9125
f877,25,9,1.0375
f890,25,11,3.3375
f939,25,17,4.0375
f1085,24,20,6.2125
f1122,24,12,1.5
f1198,24,15,5.5125
f132,24,16,4.3125
f1445,24,16,2.5
f1489,24,16,3.5
f1633,24,13,5.625
f172,24,16,0.975
f1721,24,14,3.7125
f1722,24,12,4.1
f1737,24,14,3.1125
f1752,24,8,2.9625
f1760,24,16,3.9
f1887,24,13,2.325
f2872,24,16,4.325
f292,24,16,3.5625
f2985,24,18,2.325
f2987,24,13,2.2375
f3262,24,13,5.0625
f3270,24,13,1.0625
f3280,24,13,1.1625
f3294,24,16,1.65
f3754,24,12,1.4125
f3755,24,16,4.7125
f3794,24,16,1.7125
f42100,24,16,1.2125
f479,24,19,1.525
f5465,24,4,1.95
f5571,24,8,4.2
f6085,24,18,3.55
f655,24,10,2.8375
f6586,24,9,3.1125
f7290,24,15,4.1375
f7690,24,11,2.7125
f8087,24,13,2.175
f857,24,12,3.875
f1154,23,12,4.65
f1161,23,14,4.7375
f1178,23,13,4.575
f122,23,16,2.2875
f1470,23,15,1.5
f1853,23,10,1.5875
f1969,23,11,1.65
f1985,23,16,2.4
f2048,23,17,4.825
f221,23,15,2.0125
f246,23,13,2.525
f2462,23,12,1.5875
f2463,23,12,2.8125
f2946,23,10,3.975
f311,23,9,5.975
f3297,23,14,3.0
f389,23,7,0.95
f4677,23,5,4.225
f4785,23,17,2.675
f533,23,15,6.1375
f5360,23,10,2.0875
f5585,23,17,2.7125
f5685,23,12,0.175
f581,23,14,2.9375
f6569,23,11,4.225
f6999,23,11,3.35
f7277,23,12,2.45
f745,23,11,2.55
f833,23,9,1.75
f8589,23,17,1.575
f8597,23,17,3.425
f1072,22,14,1.5625
f1082,22,10,6.85
f1145,22,13,1.3
f1242,22,14,5.35
f1655,22,13,6.2125
f1742,22,14,2.375
f1797,22,14,5.55
f2294,22,12,2.575
f2326,22,16,2.5375
f2374,22,16,3.8
f2381,22,15,2.325
f2470,22,11,2.45
f2576,22,8,4.15
f2585,22,15,1.725
f2669,22,14,1.3125
f3337,22,12,2.5625
f3552,22,8,5.4
f3952,22,10,2.5
f4585,22,16,2.2875
f4669,22,9,3.325
f4748,22,14,3.925
f4860,22,12,3.55
f4889,22,12,1.8875
f4890,22,13,1.025
f5054,22,10,0.55
f5059,22,10,3.2875
f513,22,20,1.65
f5171,22,6,1.5
f531,22,14,4.45
f5474,22,8,1.5875
f6071,22,6,3.6125
f6271,22,6,4.775
f645,22,10,3.65
f7274,22,12,2.0
f7491,22,6,2.0
f7678,22,6,3.5
f7692,22,8,4.0
f78,22,10,5.975
f8298,22,10,4.8625
f8794,22,13,1.925
f1447,21,15,2.725
f1451,21,15,5.35
f1498,21,15,2.8875
f1548,21,15,1.125
f1750,21,14,4.9125
f1765,21,6,2.6375
f1965,21,6,0.8375
f2085,21,14,2.65
f2250,21,11,2.2
f2286,21,15,5.875
f2291,21,9,4.2375
f3177,21,9,5.4875
f3251,21,13,2.5875
f3261,21,13,1.4125
f3298,21,13,3.9125
f3572,21,12,3.9375
f3762,21,13,5.575
f3789,21,13,2.6125
f3953,21,11,2.5625
f4348,21,14,2.175
f45100,21,14,6.4125
f4878,21,12,3.2375
f5264,21,7,3.7125
f6172,21,12,3.0625
f6179,21,16,4.7
f6991,21,9,3.8
f7292,21,13,0.35
f735,21,8,3.075
f7881,21,10,4.6625
f922,21,12,3.0875
f1048,20,14,3.4375
f1193,20,10,1.0875
f1237,20,12,1.575
f1369,20,12,3.6375
f14100,20,12,2.5
f1480,20,14,0.3625
f1537,20,12,3.65
f1777,20,10,2.4125
f1848,20,14,2.225
f1876,20,6,4.5
f2071,20,6,3.2625
f2079,20,16,1.0625
f2254,20,13,7.525
f2551,20,8,3.375
f2563,20,8,2.75
f2650,20,14,3.0
f2863,20,12,6.775
f3165,20,4,2.3125
f3236,20,12,3.9125
f3299,20,12,0.6625
f356,20,6,1.45
f3747,20,12,0.95
f3764,20,12,4.025
f3942,20,14,2.7
f3979,20,17,3.6625
f4294,20,14,0.725
f448,20,14,3.0
f4765,20,6,2.2125
f4776,20,6,3.0
f4859,20,10,1.0
f5055,20,12,4.3
f525,20,16,2.6375
f5297,20,6,2.925
f5569,20,12,1.5625
f5672,20,8,4.4
f6996,20,10,1.9125
f731,20,8,2.5
f7490,20,8,3.9125
f7698,20,6,2.5875
f7699,20,6,0.5
f7990,20,16,2.8375
f854,20,6,1.65
f862,20,8,4.675
f1037,19,11,7.3875
f143,19,16,4.225
f194,19,14,0.8125
f2685,19,14,3.725
f3365,19,4,4.35
f4665,19,4,3.875
f5169,19,11,1.425
f5481,19,9,2.5125
f5979,19,10,4.75
f5981,19,9,0.7125
f6471,19,6,4.0375
f7085,19,12,3.15
f7280,19,12,1.725
f7481,19,11,5.275
f7786,19,10,2.8125
f785,19,12,2.7125
f7992,19,11,3.65
f845,19,8,4.85
f899,19,7,2.4125
f1285,18,13,1.8
f1349,18,5,6.5875
f1531,18,4,4.4125
f1779,18,12,5.3
f2025,18,10,1.9875
f2050,18,12,2.0625
f2052,18,8,1.0
f2552,18,6,1.025
f2579,18,12,1.5125
f2599,18,6,6.6875
f2687,18,11,6.05
f2831,18,10,5.9875
f2839,18,14,3.875
f2859,18,10,4.625
f2890,18,13,2.1625
f2948,18,12,1.5375
f3142,18,8,2.7625
f3152,18,4,5.225
f3263,18,12,4.4875
f3350,18,10,2.7
f3548,18,12,3.15
f3642,18,12,1.7
f3650,18,10,3.1125
f3994,18,14,2.45
f4259,18,10,3.725
f4293,18,8,3.5625
f4350,18,10,2.125
f4680,18,8,0.8875
f4691,18,2,4.425
f4693,18,2,2.4
f4851,18,12,3.85
f4855,18,12,1.0
f4898,18,10,2.0875
f5051,18,10,2.0625
f5093,18,10,2.975
f522,18,16,2.525
f526,18,16,2.0375
f5293,18,4,2.5625
f5295,18,4,2.375
f5471,18,4,3.35
f5487,18,9,2.4375
f55100,18,12,3.425
f554,18,12,3.0
f5677,18,6,2.25
f5687,18,9,2.3875
f6185,18,12,3.05
f6265,18,4,0.9375
f6476,18,6,2.225
f6570,18,4,2.0625
f6994,18,13,3.5
f6997,18,10,1.575
f6998,18,10,2.575
f712,18,8,1.9875
f725,18,8,0.1125
f750,18,10,6.425
f7994,18,14,2.375
f836,18,10,2.5
f859,18,6,4.5875
f8592,18,13,1.625
f878,18,7,3.45
f9293,18,9,3.55
f9499,18,10,3.6875
f1094,17,11,2.4125
f1792,17,8,3.4125
f1879,17,14,6.8625
f1979,17,13,1.575
f2051,17,8,7.6125
f2089,17,8,4.8625
f2179,17,10,3.425
f2185,17,12,2.2625
f2590,17,9,1.775
f3685,17,12,1.775
f3965,17,8,3.8625
f4385,17,12,1.55
f5194,17,11,0.575
f5354,17,6,4.625
f546,17,8,2.35
f5491,17,7,6.6875
f5692,17,7,2.5875
f596,17,13,3.6
f5996,17,4,7.75
f6589,17,4,1.1125
f780,17,7,6.175
f792,17,7,4.2375
f8598,17,12,4.9875
f8599,17,12,2.5875
f9093,17,9,4.7625
f1053,16,6,3.7
f117,16,10,1.4375
f1252,16,4,3.0625
f1325,16,6,2.2375
f146,16,8,0.775
f155,16,12,3.35
f1723,16,12,3.0625
f20100,16,10,4.5
f2062,16,8,1.9375
f2346,16,10,4.7625
f2356,16,10,2.6625
f2396,16,10,3.0375
f2560,16,6,4.2625
f2677,16,10,1.0
f3169,16,7,2.6875
f3194,16,8,5.85
f3587,16,9,8.05
f3990,16,9,5.6125
f443,16,12,2.8375
f4591,16,6,4.0375
f5062,16,10,0.8125
f5064,16,10,3.6875
f5070,16,10,2.875
f52100,16,4,2.4
f5296,16,4,0.0625
f5397,16,6,5.3
f54100,16,10,6.375
f545,16,14,4.1
f556,16,10,2.0875
f559,16,12,3.125
f5693,16,4,6.225
f590,16,12,2.0375
f6069,16,9,5.375
f6171,16,4,2.925
f6194,16,10,0.15
f6479,16,12,3.1375
f6481,16,11,5.2375
f722,16,6,4.0125
f7286,16,10,0.075
f7478,16,6,2.0
f7494,16,10,4.0625
f777,16,6,1.95
f7996,16,10,4.2375
f8094,16,10,2.4
f90100,16,13,6.025
f96100,16,8,4.0125
f964,16,10,3.9375
f1017,15,8,2.85
f1091,15,6,3.7
f1217,15,8,3.125
f1328,15,11,4.1125
f2076,15,6,4.3625
f2965,15,4,4.2625
f3381,15,7,4.1875
f3542,15,8,1.925
f3565,15,4,4.8
f3981,15,11,3.375
f4289,15,11,3.8
f4681,15,5,1.4125
f47100,15,9,5.2875
f5292,15,5,4.325
f535,15,13,1.6375
f5398,15,6,2.2625
f551,15,13,3.5625
f6599,15,4,4.2625
f7680,15,4,1.5875
f7791,15,5,1.8875
f8191,15,5,2.5125
f8196,15,7,4.5875
f831,15,3,2.225
f1042,14,10,3.6875
f1052,14,4,3.35
f1120,14,8,6.35
f1162,14,8,1.125
f1163,14,8,4.55
f126,14,10,1.2875
f1272,14,10,1.5
f1277,14,7,0.1
f1342,14,8,4.0125
f1352,14,4,2.05
f154,14,8,5.8125
f1542,14,10,1.4
f1546,14,0,3.4
f1553,14,5,5.4625
f17,14,8,3.0
f1725,14,8,3.95
f1759,14,6,0.5125
f1786,14,8,0.6625
f1828,14,8,2.5
f1872,14,10,2.075
f1942,14,8,1.225
f2023,14,12,5.2125
f2042,14,8,5.3375
f2226,14,9,4.9375
f2345,14,10,2.0
f2389,14,10,2.5
f2528,14,8,6.3375
f2554,14,4,2.9375
f2693,14,6,5.15
f2833,14,8,3.6625
f2836,14,10,0.3875
f2845,14,8,2.95
f2851,14,8,3.95
f2896,14,8,2.4
f3154,14,6,5.375
f3374,14,6,3.975
f3377,14,6,2.3375
f3579,14,10,2.1875
f4264,14,8,2.225
f428,14,12,2.8375
f4291,14,6,5.15
f4372,14,10,4.925
f442,14,8,2.35
f460,14,10,0.6
f462,14,10,3.9
f464,14,10,0.6
f472,14,8,0.9625
f4752,14,4,2.15
f521,14,8,2.85
f5263,14,4,5.875
f5299,14,4,1.7375
f536,14,12,3.725
f5389,14,5,1.75
f589,14,12,5.675
f595,14,12,4.425
f5969,14,7,4.2625
f6169,14,9,1.8375
f6274,14,6,2.5
f6379,14,10,3.4125
f6990,14,8,3.8125
f7071,14,4,1.275
f7792,14,8,3.95
f793,14,4,0.625
f8186,14,8,3.3375
f8197,14,9,4.8375
f822,14,6,2.5
f1160,13,8,4.2625
f1281,13,7,3.425
f1763,13,6,3.825
f1877,13,7,1.175
f2639,13,10,4.3875
f2835,13,8,3.7625
f3581,13,7,5.225
f45,13,8,2.475
f4781,13,7,3.65
f511,13,8,3.4875
f519,13,10,1.0125
f5361,13,5,4.3375
f5395,13,5,0.6625
f5681,13,5,4.0375
f6992,13,8,1.0875
f7798,13,5,1.775
f79100,13,8,5.525
f8194,13,9,2.6625
f1046,12,2,2.3375
f1077,12,6,0.9375
f110,12,8,3.7125
f1112,12,6,8.175
f1118,12,6,5.4875
f1377,12,6,3.6375
f1523,12,10,1.9125
f1559,12,4,2.5
f1570,12,2,4.7875
f1746,12,4,1.0
f1831,12,6,3.9
f1891,12,4,1.05
f2028,12,8,1.5625
f2039,12,10,1.5125
f2061,12,6,2.075
f2063,12,6,5.4375
f2094,12,12,1.0
f2097,12,6,2.2
f2128,12,8,2.875
f2174,12,6,3.0375
f2233,12,4,2.9625
f2364,12,10,5.3
f2380,12,10,1.95
f2547,12,6,1.0375
f2586,12,8,1.575
f2595,12,6,3.6625
f2864,12,8,3.025
f2880,12,8,4.9625
f2889,12,8,4.7125
f4262,12,6,3.7875
f4280,12,6,4.7125
f4298,12,6,3.025
f433,12,8,4.2375
f4772,12,8,3.925
f5177,12,6,2.5
f562,12,10,2.425
f5674,12,6,7.7375
f57,12,8,3.15
f6077,12,6,2.5
f6093,12,6,6.6375
f63100,12,6,3.9
f6374,12,6,1.0375
f6980,12,7,6.7
f6989,12,7,4.825
f6995,12,7,5.525
f7289,12,8,2.625
f7480,12,6,4.575
f7795,12,6,3.875
f7797,12,6,1.4375
f7799,12,6,5.8125
f8091,12,4,3.925
f9495,12,8,4.9
f1039,11,10,2.5875
f1292,11,7,4.825
f2892,11,7,1.0875
f4376,11,4,2.1875
f4777,11,5,2.25
f5593,11,5,2.825
f561,11,8,3.7875
f6292,11,5,6.7125
f6465,11,4,2.675
f76100,11,4,1.7625
f7780,11,5,4.1625
f8081,11,5,2.3875
f8192,11,6,4.525
f1028,10,6,5.7875
f1235,10,7,6.725
f1259,10,4,1.5875
f1386,10,8,5.8
f1578,10,4,5.3125
f1726,10,8,1.5
f1790,10,6,0.5
f1793,10,4,2.5
f199,10,6,6.3875
f2142,10,6,8.525
f2193,10,4,2.3875
f2843,10,6,3.3125
f2854,10,6,7.325
f2899,10,6,3.5875
f2974,10,6,3.4
f3139,10,6,0.525
f3161,10,4,2.975
f3574,10,6,4.375
f3956,10,6,4.0
f3959,10,6,1.5375
f3978,10,8,3.9125
f446,10,4,3.0
f4579,10,8,6.725
f4654,10,0,3.5
f4670,10,0,5.275
f518,10,8,1.6375
f5459,10,2,1.575
f5581,10,6,2.425
f5691,10,0,1.475
f597,10,8,4.8125
f5991,10,0,0.075
f5993,10,2,2.0125
f6091,10,2,3.95
f6291,10,2,2.4625
f772,10,4,2.65
f7899,10,4,2.6
f7989,10,8,5.775
f8691,10,2,1.525
f8993,10,4,4.8375
f9096,10,6,2.925
f9199,10,2,3.9125
f9397,10,4,4.2875
f9399,10,4,1.1625
f97100,10,6,1.4875
f1022,9,5,4.85
f1322,9,5,5.875
f1339,9,8,2.4875
f1581,9,5,1.975
f1981,9,5,2.95
f1986,9,7,5.1625
f2126,9,5,7.7875
f2186,9,4,5.3875
f2272,9,5,4.975
f3346,9,0,2.0125
f3945,9,8,3.3375
f3980,9,8,3.0375
f4381,9,5,2.95
f4577,9,5,1.6
f5594,9,9,4.475
f598,9,6,1.7
f5992,9,3,5.85
f6081,9,5,2.05
f6281,9,5,5.375
f6595,9,2,5.7125
f7081,9,5,2.95
f7890,9,5,3.3375
f10100,8,4,2.0
f1231,8,2,1.4875
f1274,8,4,1.1875
f1298,8,6,2.1
f1394,8,8,2.525
f1518,8,4,4.975
f1731,8,2,3.4625
f1789,8,4,1.4875
f1794,8,6,2.5375
f1795,8,4,3.025
f1856,8,2,2.9375
f1892,8,4,4.4
f2022,8,4,2.0
f2056,8,4,2.475
f2059,8,4,4.0
f2091,8,2,2.025
f2256,8,0,1.0
f2546,8,2,0.675
f2555,8,6,3.0125
f2556,8,2,2.475
f2594,8,6,3.9125
f2643,8,4,4.9625
f28100,8,6,3.525
f2993,8,2,3.925
f3156,8,0,6.85
f3359,8,2,1.975
f3590,8,5,4.3125
f3691,8,0,3.025
f3943,8,8,2.9375
f4794,8,8,4.45
f5186,8,6,6.175
f5456,8,0,1.0
f5486,8,2,0.05
f5689,8,0,4.3625
f5696,8,0,2.5125
f6094,8,8,0.5
f6290,8,6,4.525
f6294,8,8,2.475
f729,8,4,5.25
f751,8,4,2.4625
f778,8,2,5.4
f8093,8,2,2.9625
f1390,7,5,7.2625
f2246,7,1,8.4
f3955,7,7,1.975
f4590,7,5,5.775
f4592,7,3,6.7625
f46100,7,0,5.9625
f4786,7,4,2.9125
f547,7,4,2.15
f5559,7,3,4.9125
f5586,7,5,2.275
f5590,7,5,1.525
f5591,7,1,1.0125
f6177,7,3,7.2875
f7278,7,4,6.3625
f1026,6,4,3.95
f1262,6,4,4.95
f1290,6,2,3.9
f1291,6,0,3.55
f1331,6,2,5.025
f1354,6,2,3.425
f1529,6,2,3.475
f1591,6,0,3.5625
f1599,6,2,4.325
f17100,6,2,4.45
f1720,6,4,4.5
f1733,6,2,2.9875
f1796,6,2,2.4875
f18100,6,4,4.0
f1821,6,2,6.8875
f1854,6,2,4.025
f1861,6,2,4.4
f1896,6,2,4.95
f1943,6,4,6.4
f1959,6,2,2.1125
f1991,6,0,3.95
f2154,6,2,5.45
f2191,6,0,1.525
f2231,6,0,1.5
f2296,6,0,3.975
f2592,6,4,3.0375
f2596,6,2,1.6125
f2690,6,5,1.575
f3133,6,0,2.05
f3155,6,2,1.475
f3196,6,0,3.55
f3398,6,2,6.375
f3646,6,0,0.5625
f3694,6,6,2.0125
f3947,6,6,2.025
f3960,6,6,4.9
f3963,6,6,3.05
f3989,6,6,4.425
f3992,6,6,5.825
f439,6,6,1.075
f4396,6,2,4.45
f4556,6,0,2.475
f4647,6,0,2.475
f4690,6,1,6.8375
f4754,6,2,5.95
f5159,6,2,5.1375
f5455,6,2,3.0
f5478,6,0,3.5
f5659,6,0,3.4875
f5699,6,0,1.575
f5970,6,2,2.5625
f5989,6,2,3.9875
f5997,6,2,1.5125
f6086,6,4,0.9375
f6092,6,5,3.925
f6286,6,4,0.8625
f6472,6,4,4.2
f6491,6,0,0.9875
f7295,6,4,1.15
f7297,6,4,6.0125
f770,6,2,3.05
f80100,6,4,1.5
f8086,6,4,7.1375
f8692,6,4,1.05
f9195,6,0,3.0625
f9197,6,0,5.0
f9496,6,4,4.0
f9498,6,6,4.0125
f1061,5,4,5.375
f1886,5,2,6.9875
f2578,5,2,4.475
f2635,5,4,4.4375
f2695,5,5,6.4125
f3554,5,0,3.4875
f3570,5,0,7.3875
f4678,5,0,3.025
f9097,5,3,3.0
f1018,4,4,1.5
f1033,4,2,3.95
f1036,4,4,2.5
f1060,4,4,4.925
f1078,4,2,3.4625
f1090,4,3,3.05
f1093,4,0,2.5
f1220,4,4,3.0
f1256,4,0,3.55
f1270,4,2,1.075
f1318,4,4,0.525
f1391,4,0,2.95
f1520,4,4,1.0125
f1522,4,0,1.0125
f1556,4,0,2.9625
f1735,4,2,5.4625
f1743,4,2,4.075
f1761,4,2,1.9625
f1762,4,2,2.5375
f1780,4,2,1.55
f1825,4,2,2.175
f1826,4,4,2.95
f1931,4,0,3.55
f1990,4,3,2.525
f1994,4,4,3.0125
f2033,4,2,4.0125
f2054,4,2,2.975
f2133,4,0,0.0625
f2194,4,4,1.9875
f2245,4,0,3.5375
f2255,4,2,4.4875
f2261,4,0,2.9875
f2264,4,0,3.5125
f2278,4,1,6.425
f2290,4,1,1.0
f2543,4,2,6.5
f2545,4,2,2.4
f2561,4,2,2.9
f2562,4,2,2.025
f2659,4,2,3.4375
f2699,4,4,4.9375
f2954,4,0,1.0
f2986,4,2,2.7625
f2994,4,4,3.0125
f31100,4,0,4.0125
f3136,4,0,2.4375
f3160,4,0,4.05
f3163,4,0,2.5
f3164,4,0,6.9125
f3170,4,0,3.5
f3180,4,0,4.0
f3189,4,0,3.05
f3197,4,0,1.5
f3556,4,0,4.4875
f3594,4,4,2.0125
f3670,4,2,6.925
f3678,4,2,5.0125
f3962,4,4,1.15
f420,4,4,5.5
f421,4,0,3.0
f431,4,0,3.0
f4370,4,2,3.9625
f4389,4,2,6.4625
f4390,4,3,0.575
f4399,4,2,0.5875
f447,4,4,3.0
f454,4,2,6.475
f4562,4,2,6.9625
f4595,4,2,6.9625
f4699,4,0,1.075
f5460,4,0,1.5375
f5462,4,0,0.5
f5480,4,0,3.95
f5493,4,0,2.975
f5495,4,0,4.0
f5663,4,0,2.5125
f5664,4,0,2.5375
f5680,4,0,3.9625
f6293,4,0,1.0125
f6393,4,0,2.45
f7086,4,2,4.425
f710,4,4,2.5
f747,4,0,2.4875
f749,4,2,6.975
f764,4,2,1.0125
f7889,4,2,4.4375
f7897,4,2,4.1125
f8990,4,3,1.55
f8994,4,4,3.4875
f9095,4,2,1.85
f9398,4,0,3.45
f2263,3,1,3.9625
f3536,3,2,4.4125
f3592,3,2,2.4875
f3596,3,0,3.4875
f3597,3,0,6.9875
f455,3,3,3.0
f6490,3,2,4.925
f9099,3,2,4.85
f1092,2,2,2.025
f1097,2,2,5.5
f1099,2,2,2.4875
f1254,2,0,0.975
f1293,2,0,3.95
f1296,2,0,1.0125
f1321,2,0,2.0125
f1343,2,2,2.5
f1359,2,0,1.0125
f1370,2,2,3.975
f1395,2,2,5.4625
f1554,2,0,3.025
f1820,2,2,3.0
f1851,2,2,5.9875
f1859,2,0,7.9375
f1870,2,2,5.475
f1880,2,2,2.475
f1961,2,0,4.475
f1992,2,2,4.45
f2043,2,2,4.5
f2129,2,0,4.0125
f2145,2,0,5.4625
f2163,2,0,3.9875
f2164,2,0,6.0
f2195,2,0,6.425
f2199,2,0,3.5625
f2243,2,0,2.0125
f2247,2,0,2.0125
f2262,2,0,1.5125
f2289,2,0,2.9875
f2660,2,2,1.5
f2670,2,2,2.5
f2698,2,2,0.5
f2933,2,0,1.9875
f2936,2,2,2.55
f2961,2,0,5.0
f2978,2,0,0.5
f2992,2,2,2.5
f2996,2,0,4.4875
f3336,2,0,4.4875
f3345,2,0,1.5625
f3347,2,0,4.975
f3360,2,0,0.9875
f3361,2,0,2.0
f3362,2,0,1.9875
f3370,2,0,6.4375
f3389,2,0,2.95
f3397,2,0,3.4625
f3399,2,0,4.525
f3647,2,2,2.975
f3693,2,0,5.95
f435,2,0,4.4375
f4354,2,0,2.475
f4380,2,2,2.9875
f451,2,2,3.0
f4555,2,2,3.475
f4559,2,0,3.4625
f4578,2,0,3.0125
f4593,2,0,5.95
f461,2,2,0.0
f4760,2,2,3.5
f4792,2,2,1.9625
f4796,2,0,0.5
f480,2,2,2.0
f489,2,2,3.5
f5161,2,0,6.5
f5195,2,0,5.9875
f5499,2,0,2.025
f5589,2,2,2.4625
f59100,2,0,3.0125
f6078,2,0,2.0
f6095,2,2,4.0
f6096,2,0,6.425
f6099,2,2,4.4875
f6163,2,0,5.4625
f6178,2,0,2.5
f6192,2,2,3.975
f6196,2,0,2.0
f6296,2,0,3.525
f6395,2,0,3.5
f6492,2,2,1.9875
f6496,2,0,4.45
f7096,2,0,0.5875
f715,2,0,1.9875
f799,2,0,1.5125
f8092,2,2,4.0
f8992,2,2,2.0125
f8996,2,0,1.5125
f9295,2,2,2.975
f9298,2,2,3.0125
f9596,2,0,7.3875
f9698,2,0,5.0
f9699,2,0,2.9625
f1878,1,0,4.5
f1955,1,1,0.9875
f2192,1,1,5.0
f2955,1,1,2.5
f3561,1,0,2.5
f3595,1,0,2.975
f3599,1,0,6.9375
f3655,1,1,7.4125
f4378,1,0,1.975
f5155,1,1,3.9625
f5562,1,1,2.0
f5564,1,1,7.4125
f5570,1,1,3.0
f5595,1,1,2.5
f5597,1,1,2.0
f7880,1,0,3.975
f1012,0,0,2.5
f1019,0,0,5.5
f1029,0,0,3.5
f1035,0,0,5.5
f1045,0,0,1.0
f1047,0,0,2.5
f1051,0,0,0.0
f1062,0,0,5.0
f1063,0,0,2.0
f1095,0,0,1.5
f1098,0,0,1.0
f1221,0,0,0.5
f1229,0,0,3.5
f1247,0,0,5.0
f1251,0,0,3.0
f1261,0,0,1.0
f1264,0,0,2.0
f1289,0,0,1.5
f13100,0,0,1.5
f1345,0,0,1.0
f1351,0,0,0.5
f1360,0,0,2.0
f1361,0,0,1.0
f1363,0,0,3.5
f1389,0,0,2.5
f1398,0,0,3.5
f1399,0,0,0.5
f1551,0,0,2.5
f1598,0,0,2.5
f1860,0,0,2.5
f1862,0,0,2.0
f1864,0,0,3.5
f1898,0,0,3.0
f1899,0,0,3.5
f1936,0,0,3.5
f1945,0,0,3.5
f1947,0,0,4.0
f1951,0,0,3.0
f1960,0,0,2.5
f1964,0,0,1.0
f1970,0,0,1.0
f1980,0,0,2.5
f1997,0,0,3.5
f1999,0,0,5.0
f2135,0,0,1.5
f2143,0,0,4.5
f2151,0,0,3.5
f2161,0,0,3.5
f2197,0,0,4.0
f2198,0,0,3.5
f2943,0,0,0.0
f2951,0,0,1.5
f2960,0,0,0.0
f2962,0,0,2.5
f2970,0,0,2.0
f2980,0,0,5.5
f2997,0,0,2.0
f2999,0,0,0.5
f3580,0,0,1.0
f3643,0,0,4.5
f3662,0,0,1.0
f3680,0,0,3.5
f3689,0,0,4.0
f3695,0,0,0.5
f418,0,0,1.975
f4351,0,0,3.0
f4364,0,0,2.0
f4397,0,0,3.5
f4551,0,0,5.0
f4560,0,0,1.5
f4561,0,0,0.5
f4599,0,0,3.5
f4751,0,0,3.0
f4762,0,0,3.5
f4763,0,0,4.0
f4764,0,0,4.5
f4780,0,0,5.0
f4789,0,0,3.0
f4795,0,0,4.5
f4798,0,0,3.0
f4799,0,0,2.5
f5160,0,0,2.5
f5162,0,0,0.5
f5163,0,0,6.0
f5164,0,0,2.0
f5170,0,0,5.5
f5197,0,0,2.0
f6062,0,0,2.0
f6064,0,0,4.0
f6080,0,0,0.5
f6098,0,0,3.0
f6162,0,0,4.5
f6180,0,0,3.0
f6198,0,0,3.5
f62100,0,0,3.5
f6263,0,0,3.0
f6264,0,0,2.0
f6270,0,0,3.0
f6289,0,0,3.5
f6297,0,0,1.5
f6299,0,0,3.0
f6364,0,0,3.0
f6389,0,0,3.0
f6398,0,0,5.0
f6495,0,0,4.5
f6497,0,0,3.5
f6499,0,0,1.0
f7089,0,0,0.5
f7095,0,0,5.0
f7099,0,0,2.0
f720,0,0,3.0125
f736,0,0,2.9875
f761,0,0,1.5
f762,0,0,3.9875
f8095,0,0,2.0
f8098,0,0,5.5
f8099,0,0,4.5
f9598,0,0,4.5
f9599,0,0,8.5
f9799,0,0,3.5
f9899,0,0,2.0
