algorithm,seed,final_cost,anytime_cost
DMS,0,100.260572,40.218159
DMS_split_at_1000,0,40.298748,40.218159
DMS_split_at_500,0,50.254195,40.218159
DMS_split_at_300,0,60.261739,60.230306
DMS_split_0.4_0.6,0,60.252609,50.23526
DMS_split_at_50,0,50.265397,50.265397
DMS_split_at_100,0,40.219475,40.218739
DMS_split_0.5,0,50.23526,50.23526
DMS,1,20.215795,20.21048
DMS_split_0.5,1,40.21984,40.21984
DMS_split_at_300,1,20.217411,20.21048
DMS_split_0.4_0.6,1,40.21984,40.21984
DMS_split_at_100,1,20.217411,20.217411
DMS_split_at_50,1,40.208999,40.201125
MS_split_0.5,0,1100.260158,190.211094
MS_split_MGM_200,0,120.210487,120.210487
MS_split_opt_200,0,90.21205,90.21205
DMS_split_at_500,1,20.214389,20.21048
DMS,2,230.207184,50.174503
DMS_split_at_1000,1,30.232291,20.21048
MS_split_0.5,1,590.182577,250.184415
MS_split_MGM_200,1,80.181806,80.181806
MS_split_opt_200,1,70.18432,70.18432
DMS_split_0.5,2,30.191881,30.191881
DMS_split_0.4_0.6,2,30.191881,30.191881
DMS_split_at_50,2,40.188584,40.18554
DMS_split_at_100,2,30.190979,30.190979
DMS_split_at_300,2,30.217445,30.210619
DMS_split_at_1000,2,30.230552,30.21928
DMS_split_at_500,2,40.2079,30.198239
Optimal,2,20.200476,20.200476
MS_split_0.5,2,750.199893,270.169121
MS_split_MGM_200,2,90.178511,90.178511
MS_split_opt_200,2,80.172089,80.172089
DMS,3,230.203498,40.203243
DMS_split_0.5,3,40.210675,40.210675
DMS_split_0.4_0.6,3,40.22936,40.210675
DMS_split_at_50,3,30.252688,30.252688
DMS_split_at_300,3,40.211613,40.211136
DMS_split_at_100,3,50.220787,50.220787
DMS_split_at_500,3,70.255619,40.248908
DMS_split_at_1000,3,40.236488,40.230182
DMS,4,330.238926,40.220097
MS_split_0.5,3,720.227263,420.116504
MS_split_MGM_200,3,100.170135,100.170135
MS_split_opt_200,3,90.177654,90.177654
DMS_split_0.5,4,40.222921,40.212393
DMS_split_0.4_0.6,4,40.220049,40.212393
DMS_split_at_50,4,60.221988,40.207446
DMS_split_at_100,4,40.23052,40.226997
DMS_split_at_300,4,40.258016,40.220097
DMS_split_at_1000,4,40.258016,40.220097
DMS_split_at_500,4,40.23052,40.220097
DMS,5,240.241146,50.199209
MS_split_0.5,4,660.255023,390.215443
MS_split_MGM_200,4,110.182985,110.182985
MS_split_opt_200,4,80.178624,80.178624
DMS_split_0.5,5,50.20524,50.20524
DMS_split_0.4_0.6,5,50.20524,50.20524
DMS_split_at_50,5,50.20524,50.20524
DMS_split_at_100,5,40.250346,40.249459
DMS_split_at_500,5,60.227741,40.219138
DMS_split_at_300,5,40.250346,40.249459
DMS_split_at_1000,5,40.250346,40.249459
DMS,6,140.244861,30.233876
MS_split_0.5,5,700.183451,270.177939
MS_split_MGM_200,5,130.195639,130.195639
MS_split_opt_200,5,110.21616,110.21616
Optimal,3,20.231554,20.231554
Optimal,0,,
DMS_split_0.5,6,50.224074,50.224074
DMS_split_0.4_0.6,6,50.224074,50.224074
DMS_split_at_50,6,50.228258,50.228258
DMS_split_at_100,6,40.246035,40.240484
DMS_split_at_300,6,40.265676,40.265676
Optimal,1,,
DMS_split_at_500,6,40.244865,40.232944
DMS_split_at_1000,6,40.255083,40.244255
DMS,7,200.215702,60.207226
Optimal,4,40.198803,40.198803
DMS_split_0.5,7,50.213864,50.213864
DMS_split_0.4_0.6,7,50.213864,50.213864
DMS_split_at_50,7,70.220771,40.215902
DMS_split_at_100,7,30.231746,30.231746
DMS_split_at_300,7,30.231746,30.231746
DMS_split_at_1000,7,30.232261,30.232261
DMS_split_at_500,7,40.244492,40.243402
DMS,8,0.194074,0.194074
DMS_split_0.5,8,0.211653,0.211653
DMS_split_0.4_0.6,8,0.211653,0.211653
DMS_split_at_50,8,10.195972,10.191024
MS_split_0.5,7,530.207911,340.185239
MS_split_MGM_200,7,120.160312,120.160312
MS_split_opt_200,7,90.169305,90.169305
DMS_split_at_300,8,0.194074,0.194074
DMS_split_at_100,8,0.202147,0.202147
DMS_split_at_500,8,0.194074,0.194074
DMS_split_at_1000,8,0.194074,0.194074
MS_split_0.5,8,280.198862,100.195258
MS_split_MGM_200,8,10.196827,10.196827
MS_split_opt_200,8,10.196042,10.196042
Optimal,8,0.194074,0.194074
DMS,9,230.255174,70.227193
DMS_split_0.5,9,70.242849,70.242849
MS_split_0.5,6,980.240753,190.163759
MS_split_MGM_200,6,110.191824,110.191824
MS_split_opt_200,6,100.182293,100.182293
DMS_split_0.4_0.6,9,70.242849,70.242849
DMS_split_at_50,9,60.222541,60.222541
DMS_split_at_100,9,60.251444,60.251444
Optimal,5,,
DMS_split_at_1000,9,70.259741,70.250973
DMS_split_at_300,9,60.222541,60.222541
DMS_split_at_500,9,70.242849,70.242849
DMS,10,50.211559,30.2074
DMS_split_0.5,10,40.199439,40.199439
DMS_split_0.4_0.6,10,40.199439,40.199439
DMS_split_at_50,10,40.211319,40.211319
DMS_split_at_100,10,30.234545,30.234545
Optimal,6,,
DMS_split_at_1000,10,50.229045,30.2074
DMS_split_at_300,10,40.208379,30.2309
DMS_split_at_500,10,30.217542,30.2074
DMS,11,190.216491,10.195968
DMS_split_0.5,11,40.176159,40.176159
DMS_split_0.4_0.6,11,40.176159,40.176159
MS_split_0.5,10,590.193086,160.177181
MS_split_MGM_200,10,90.20137,90.20137
MS_split_opt_200,10,80.199031,80.199031
DMS_split_at_50,11,30.193275,30.193275
Optimal,7,,
DMS_split_at_100,11,20.210733,20.210733
DMS_split_at_300,11,40.176159,40.176159
DMS_split_at_1000,11,40.176159,30.175419
DMS_split_at_500,11,20.18947,20.18947
DMS,12,0.200882,0.200882
MS_split_0.5,11,640.208536,190.170349
MS_split_MGM_200,11,50.187205,50.187205
MS_split_opt_200,11,20.203149,20.203149
DMS_split_0.5,12,0.209491,0.209491
DMS_split_0.4_0.6,12,0.209491,0.209491
DMS_split_at_50,12,0.196743,0.196743
DMS_split_at_100,12,0.207746,0.207746
DMS_split_at_300,12,0.200882,0.200882
DMS_split_at_500,12,0.200882,0.200882
DMS_split_at_1000,12,0.200882,0.200882
MS_split_0.5,12,210.211523,90.199266
MS_split_MGM_200,12,20.195376,20.195376
MS_split_opt_200,12,20.195376,20.195376
DMS,13,100.217662,20.207106
DMS_split_0.5,13,20.229935,20.208228
DMS_split_0.4_0.6,13,20.229935,20.208228
DMS_split_at_50,13,20.245583,20.224914
Optimal,12,0.196743,0.196743
DMS_split_at_100,13,20.229935,20.20868
DMS_split_at_300,13,20.245583,20.224914
DMS_split_at_500,13,20.229935,20.220912
DMS_split_at_1000,13,20.202743,20.202743
Optimal,9,,
MS_split_0.5,13,780.219049,260.188895
MS_split_MGM_200,13,50.204791,50.204791
MS_split_opt_200,13,40.187225,40.187225
DMS,14,250.256534,40.197803
Optimal,13,10.225171,10.225171
MS_split_0.5,9,1180.233776,490.219641
MS_split_MGM_200,9,230.18031,230.18031
MS_split_opt_200,9,200.177308,200.177308
DMS_split_0.5,14,30.206353,30.206353
DMS_split_0.4_0.6,14,30.215611,30.206353
DMS_split_at_50,14,30.238452,30.233164
DMS_split_at_100,14,60.22522,30.214997
DMS_split_at_300,14,30.214084,30.214084
DMS_split_at_500,14,30.213314,30.206353
DMS_split_at_1000,14,40.203354,40.193946
DMS,15,180.204876,30.207822
Optimal,11,10.195968,10.195968
Optimal,10,,
DMS_split_0.5,15,40.250063,20.236499
DMS_split_0.4_0.6,15,40.250063,20.236499
DMS_split_at_50,15,40.239644,30.224695
DMS_split_at_100,15,20.214307,20.214307
DMS_split_at_300,15,20.214307,20.214307
DMS_split_at_500,15,20.214307,20.214307
DMS_split_at_1000,15,10.240595,10.240595
DMS,16,160.222284,30.228516
DMS_split_0.5,16,30.234318,30.234318
DMS_split_0.4_0.6,16,30.244035,30.234318
DMS_split_at_50,16,30.257047,30.257047
DMS_split_at_100,16,40.23081,40.23081
MS_split_0.5,14,560.169,240.158338
MS_split_MGM_200,14,120.163788,120.163788
MS_split_opt_200,14,110.162322,110.162322
Optimal,15,10.229535,10.229535
DMS_split_at_300,16,30.230255,30.230255
DMS_split_at_1000,16,30.253026,30.242435
DMS_split_at_500,16,30.234318,30.234318
DMS,17,180.195209,20.198909
Optimal,16,20.229074,20.229074
DMS_split_0.5,17,10.206645,10.206645
DMS_split_0.4_0.6,17,10.206645,10.206645
DMS_split_at_50,17,10.20735,10.20735
DMS_split_at_100,17,20.22147,20.202883
MS_split_0.5,16,750.214218,470.20261
MS_split_MGM_200,16,160.175673,160.175673
MS_split_opt_200,16,120.184291,120.184291
DMS,18,80.179289,30.179341
DMS_split_at_300,17,10.20735,10.20735
DMS_split_at_1000,17,20.2097,20.198909
DMS_split_at_500,17,20.224523,20.198909
MS_split_0.5,17,560.21856,340.194218
MS_split_MGM_200,17,30.213335,30.213335
MS_split_opt_200,17,30.21269,30.21269
DMS_split_0.5,18,40.213143,20.193118
DMS_split_0.4_0.6,18,30.203916,20.193118
DMS_split_at_300,18,20.212356,20.197268
DMS_split_at_100,18,20.198461,20.198461
DMS_split_at_50,18,30.240688,20.236298
DMS,19,80.184862,20.17648
DMS_split_at_1000,18,30.216225,20.197808
DMS_split_at_500,18,20.207665,20.194861
MS_split_0.5,18,350.189027,140.173296
MS_split_MGM_200,18,60.189037,60.189037
MS_split_opt_200,18,50.186642,50.186642
DMS_split_0.5,19,40.182986,30.168255
DMS_split_0.4_0.6,19,40.182986,30.168255
DMS_split_at_100,19,20.19482,20.17301
DMS_split_at_50,19,20.19482,20.17301
MS_split_0.5,15,570.220528,320.190392
MS_split_MGM_200,15,100.179314,100.179314
MS_split_opt_200,15,70.192675,70.192675
Optimal,17,10.206645,10.206645
DMS,20,330.236026,40.194704
DMS_split_at_300,19,40.196192,20.17301
MS_split_0.5,19,300.199943,160.194306
MS_split_MGM_200,19,20.190578,20.190578
MS_split_opt_200,19,20.190578,20.190578
DMS_split_at_1000,19,20.190578,20.17648
DMS_split_at_500,19,10.217531,10.217531
Optimal,14,,
DMS_split_0.5,20,40.203592,40.203592
DMS_split_at_300,20,60.201601,60.193252
DMS_split_0.4_0.6,20,40.203592,40.203592
DMS_split_at_50,20,60.215797,60.215797
DMS_split_at_100,20,40.206625,40.206625
Optimal,19,10.194282,10.194282
DMS,21,210.219087,20.198305
DMS_split_at_500,20,40.203592,40.203592
DMS_split_at_1000,20,40.203592,40.203592
DMS_split_0.5,21,10.219732,10.219732
DMS_split_0.4_0.6,21,10.219732,10.219732
DMS_split_at_50,21,10.213492,10.213492
DMS_split_at_100,21,10.213663,10.209512
DMS_split_at_300,21,10.213492,10.213492
DMS_split_at_500,21,10.223423,10.207141
DMS_split_at_1000,21,10.239342,10.224843
Optimal,18,10.203411,10.203411
MS_split_0.5,21,490.23662,420.218727
MS_split_MGM_200,21,30.202043,30.202043
MS_split_opt_200,21,20.209026,20.209026
DMS,22,190.242255,20.234197
DMS_split_0.5,22,30.206696,30.206696
DMS_split_at_50,22,20.247567,20.247567
DMS_split_0.4_0.6,22,30.206696,30.206696
DMS_split_at_100,22,40.23608,40.23608
DMS_split_at_300,22,40.245389,40.245389
DMS_split_at_1000,22,20.253967,20.247567
DMS_split_at_500,22,40.222513,40.222513
MS_split_0.5,22,680.237388,430.133474
MS_split_MGM_200,22,60.217705,60.217705
MS_split_opt_200,22,60.217705,60.217705
DMS,23,130.182092,30.215491
MS_split_0.5,20,640.182918,240.167861
MS_split_MGM_200,20,160.180078,160.180078
MS_split_opt_200,20,130.199007,130.199007
DMS_split_0.5,23,30.22229,30.22229
DMS_split_0.4_0.6,23,30.22229,30.22229
DMS_split_at_50,23,30.237235,30.237235
DMS_split_at_100,23,30.239907,30.239907
DMS_split_at_300,23,40.234912,40.21671
DMS,24,140.16071,10.202104
DMS_split_at_1000,23,80.221981,30.215491
DMS_split_at_500,23,30.239443,30.215491
MS_split_0.5,23,640.188397,360.204967
MS_split_MGM_200,23,80.198387,80.198387
MS_split_opt_200,23,60.214192,60.214192
Optimal,21,0.222485,0.222485
DMS_split_0.5,24,10.205319,10.198975
DMS_split_0.4_0.6,24,10.205319,10.198975
DMS_split_at_50,24,10.199452,10.199452
DMS_split_at_100,24,30.225886,20.190094
DMS_split_at_300,24,10.201706,10.201706
DMS_split_at_1000,24,20.244641,20.187596
DMS_split_at_500,24,10.201706,10.201706
MS_split_0.5,24,510.216818,180.163254
MS_split_MGM_200,24,40.195718,40.195718
MS_split_opt_200,24,10.230015,10.230015
DMS,25,220.196215,50.189232
DMS_split_0.5,25,50.213417,50.213417
DMS_split_0.4_0.6,25,50.213417,50.213417
DMS_split_at_50,25,50.195848,50.195848
DMS_split_at_100,25,60.225535,60.205276
Optimal,20,,
DMS_split_at_1000,25,60.213265,60.182108
DMS_split_at_300,25,50.21487,50.21487
DMS_split_at_500,25,50.1984,50.187237
DMS,26,250.23218,80.18982
DMS_split_0.5,26,80.258035,80.24291
DMS_split_0.4_0.6,26,80.258035,80.24291
DMS_split_at_50,26,70.248572,70.248572
DMS_split_at_100,26,60.239464,60.239464
DMS_split_at_300,26,70.232544,70.232544
DMS_split_at_500,26,100.214738,70.205138
Optimal,22,,
DMS_split_at_1000,26,60.212888,60.212888
DMS,27,60.197279,30.189728
DMS_split_0.5,27,30.215555,30.20251
Optimal,23,,
DMS_split_0.4_0.6,27,40.224255,30.20251
MS_split_0.5,26,800.188561,300.185389
MS_split_MGM_200,26,130.184808,130.184808
MS_split_opt_200,26,130.181053,130.181053
MS_split_0.5,25,1090.209643,310.169075
MS_split_MGM_200,25,130.175216,130.175216
MS_split_opt_200,25,120.165339,120.165339
DMS_split_at_50,27,50.228664,30.189728
DMS_split_at_100,27,10.217185,10.217185
DMS_split_at_300,27,10.229924,10.229924
DMS_split_at_500,27,40.247262,30.189728
DMS_split_at_1000,27,10.219615,10.219615
DMS,28,110.212553,30.2179
Optimal,24,,
MS_split_0.5,27,420.222812,190.168543
MS_split_MGM_200,27,70.187583,70.187583
MS_split_opt_200,27,50.186984,50.186984
DMS_split_0.5,28,20.248957,20.248957
DMS_split_0.4_0.6,28,20.248957,20.248957
DMS_split_at_50,28,20.264596,20.264596
DMS_split_at_100,28,30.228644,30.228644
DMS_split_at_300,28,20.224587,20.224587
DMS_split_at_1000,28,30.228644,30.2179
DMS_split_at_500,28,30.247631,30.247631
MS_split_0.5,28,500.215164,270.224818
MS_split_MGM_200,28,70.212816,70.212816
MS_split_opt_200,28,70.211827,70.211827
DMS,29,10.225206,10.209651
DMS_split_0.5,29,40.221789,30.214788
Optimal,25,,
DMS_split_0.4_0.6,29,50.21691,30.214553
DMS_split_at_50,29,30.217553,30.217553
DMS_split_at_100,29,20.211425,20.211425
DMS_split_at_1000,29,10.225206,10.209651
DMS_split_at_500,29,10.262742,10.209651
DMS_split_at_300,29,10.209651,10.209651
DMS,30,80.216565,30.229688
MS_split_0.5,29,770.200924,300.189747
MS_split_MGM_200,29,110.197778,110.197778
MS_split_opt_200,29,70.188091,70.188091
DMS_split_0.5,30,40.218699,40.218699
DMS_split_0.4_0.6,30,40.218699,40.218699
DMS_split_at_50,30,30.242733,30.239059
DMS_split_at_500,30,40.218699,30.229688
DMS_split_at_300,30,30.237158,30.227997
DMS_split_at_100,30,30.237158,30.227997
Optimal,26,,
DMS_split_at_1000,30,30.245091,30.229688
DMS,31,60.222577,10.207397
MS_split_0.5,30,590.230345,390.209869
MS_split_MGM_200,30,80.224518,80.224518
MS_split_opt_200,30,70.226717,70.226717
DMS_split_0.5,31,30.237683,30.237683
DMS_split_0.4_0.6,31,30.237683,30.237683
Optimal,28,20.224587,20.224587
DMS_split_at_50,31,40.23038,30.226306
DMS_split_at_100,31,10.240356,10.240356
DMS_split_at_1000,31,10.207397,10.207397
DMS_split_at_500,31,10.227588,10.227588
DMS_split_at_300,31,50.236173,30.241062
Optimal,27,,
DMS,32,200.209575,80.214364
DMS_split_0.4_0.6,32,50.222627,50.222627
DMS_split_0.5,32,50.222627,50.222627
DMS_split_at_50,32,50.226451,50.226451
DMS_split_at_100,32,50.243979,50.238974
DMS_split_at_500,32,50.230339,50.230339
DMS_split_at_300,32,50.209603,50.209603
DMS_split_at_1000,32,50.22974,50.22974
DMS,33,140.190158,20.202565
DMS_split_0.5,33,20.232124,20.232124
DMS_split_0.4_0.6,33,20.232124,20.232124
MS_split_0.5,32,700.180553,330.203547
MS_split_MGM_200,32,130.186601,130.186601
MS_split_opt_200,32,110.17981,110.17981
Optimal,29,,
DMS_split_at_50,33,20.237058,20.235898
DMS_split_at_100,33,20.205168,20.205168
DMS_split_at_300,33,20.231298,20.231298
DMS_split_at_1000,33,20.231298,20.202565
DMS_split_at_500,33,20.217619,20.214317
DMS,34,0.209222,0.209222
MS_split_0.5,33,850.22977,280.16105
MS_split_MGM_200,33,110.150159,110.150159
MS_split_opt_200,33,100.199284,100.199284
DMS_split_0.5,34,0.229234,0.229234
DMS_split_0.4_0.6,34,0.229234,0.229234
DMS_split_at_50,34,20.212138,20.209447
Optimal,30,,
DMS_split_at_100,34,0.218917,0.218917
DMS_split_at_300,34,0.233927,0.233927
DMS_split_at_500,34,0.209222,0.209222
DMS_split_at_1000,34,0.209222,0.209222
MS_split_0.5,34,330.180663,60.248638
MS_split_MGM_200,34,170.188793,170.188793
MS_split_opt_200,34,170.188793,170.188793
DMS,35,20.243569,20.208835
Optimal,34,0.209222,0.209222
DMS_split_0.5,35,30.195434,30.195434
DMS_split_0.4_0.6,35,30.195434,30.195434
DMS_split_at_50,35,40.198401,40.198401
MS_split_0.5,31,790.201211,350.190387
MS_split_MGM_200,31,100.176561,100.176561
MS_split_opt_200,31,100.175788,100.175788
DMS_split_at_100,35,20.208262,20.208262
Optimal,31,,
DMS_split_at_500,35,20.243569,20.208835
DMS_split_at_300,35,20.221568,20.208835
DMS_split_at_1000,35,20.243569,20.208835
DMS,36,10.199883,10.199883
Optimal,33,20.202565,20.202565
DMS_split_0.5,36,30.19971,30.19971
DMS_split_0.4_0.6,36,30.19971,30.19971
DMS_split_at_50,36,30.226498,30.222136
DMS_split_at_100,36,20.225224,20.225224
DMS_split_at_1000,36,10.199883,10.199883
DMS_split_at_300,36,10.199883,10.199883
DMS_split_at_500,36,10.216223,10.199883
MS_split_0.5,36,840.206458,310.177878
MS_split_MGM_200,36,60.17272,60.17272
MS_split_opt_200,36,60.17272,60.17272
DMS,37,190.193615,50.178034
Optimal,32,,
DMS_split_0.5,37,20.216456,20.216456
DMS_split_0.4_0.6,37,20.216456,20.216456
DMS_split_at_50,37,20.207242,20.207242
MS_split_0.5,35,620.181908,380.19494
MS_split_MGM_200,35,130.179924,130.179924
MS_split_opt_200,35,120.174253,120.174253
DMS_split_at_100,37,30.196978,30.196978
DMS_split_at_1000,37,40.219856,30.213102
DMS_split_at_300,37,20.22029,20.22029
DMS_split_at_500,37,20.218534,20.218534
DMS,38,130.197313,40.182776
Optimal,36,10.199883,10.199883
MS_split_0.5,37,680.170448,310.194936
MS_split_MGM_200,37,120.182537,120.182537
MS_split_opt_200,37,90.176866,90.176866
DMS_split_0.5,38,30.185018,30.185018
DMS_split_0.4_0.6,38,30.185018,30.185018
DMS_split_at_50,38,30.185018,30.185018
DMS_split_at_100,38,40.20247,40.182776
DMS_split_at_1000,38,40.201909,40.182776
DMS,39,60.226707,10.208677
DMS_split_at_300,38,40.20247,40.182776
DMS_split_at_500,38,30.199457,30.187198
MS_split_0.5,38,590.201325,350.183211
MS_split_MGM_200,38,90.191594,90.191594
MS_split_opt_200,38,70.174836,70.174836
DMS_split_0.5,39,10.211943,10.211943
DMS_split_0.4_0.6,39,10.211943,10.211943
DMS_split_at_100,39,20.211734,20.211734
DMS_split_at_300,39,20.202475,20.202475
DMS_split_at_50,39,50.193602,50.193602
DMS,40,70.217321,40.202833
DMS_split_at_1000,39,20.211517,10.208677
DMS_split_at_500,39,20.211517,10.208677
DMS_split_0.5,40,40.204232,40.19256
Optimal,37,20.194227,20.194227
DMS_split_0.4_0.6,40,40.204232,40.19256
DMS_split_at_50,40,50.217183,50.217183
DMS_split_at_300,40,40.2108,40.2108
DMS_split_at_100,40,40.192638,40.192638
DMS_split_at_1000,40,40.204232,40.202833
DMS_split_at_500,40,40.213966,40.213966
Optimal,35,,
DMS,41,0.213785,0.213785
MS_split_0.5,39,620.204454,390.188015
MS_split_MGM_200,39,100.173996,100.173996
MS_split_opt_200,39,100.173844,100.173844
DMS_split_0.5,41,10.211246,10.207313
DMS_split_0.4_0.6,41,10.211246,10.211246
DMS_split_at_50,41,10.227865,10.213761
DMS_split_at_100,41,0.213785,0.213785
DMS_split_at_300,41,0.213785,0.213785
DMS_split_at_1000,41,0.213785,0.213785
DMS_split_at_500,41,0.213785,0.213785
MS_split_0.5,41,160.214069,120.224398
MS_split_MGM_200,41,20.202398,20.202398
MS_split_opt_200,41,20.202398,20.202398
DMS,42,0.217341,0.217341
DMS_split_0.5,42,10.204293,10.204293
DMS_split_0.4_0.6,42,10.204293,10.204293
MS_split_0.5,40,1060.201544,290.185811
MS_split_MGM_200,40,140.167908,140.167908
MS_split_opt_200,40,110.159913,110.159913
DMS_split_at_50,42,10.208592,10.208592
Optimal,41,0.213785,0.213785
DMS_split_at_100,42,0.217341,0.217341
DMS_split_at_500,42,0.217341,0.217341
DMS_split_at_300,42,0.217341,0.217341
DMS_split_at_1000,42,0.217341,0.217341
DMS,43,210.22068,50.234392
MS_split_0.5,42,0.220769,0.220769
MS_split_MGM_200,42,0.220769,0.220769
MS_split_opt_200,42,0.220769,0.220769
Optimal,38,,
DMS_split_0.5,43,40.261181,40.261181
DMS_split_0.4_0.6,43,40.261181,40.261181
DMS_split_at_50,43,30.278082,30.261436
DMS_split_at_100,43,40.243686,40.243686
DMS_split_at_500,43,40.265904,40.265904
DMS_split_at_300,43,30.253192,30.253192
DMS_split_at_1000,43,30.246723,30.246723
DMS,44,300.245486,70.217827
Optimal,39,,
DMS_split_0.5,44,60.215138,60.215138
Optimal,42,0.217341,0.217341
DMS_split_0.4_0.6,44,60.215138,60.215138
MS_split_0.5,43,910.243055,280.214192
MS_split_MGM_200,43,120.202352,120.202352
MS_split_opt_200,43,110.217197,110.217197
DMS_split_at_50,44,60.215138,60.215138
DMS_split_at_100,44,80.269925,70.217827
DMS_split_at_1000,44,100.250032,70.217827
DMS_split_at_500,44,70.246102,70.217827
DMS_split_at_300,44,60.215138,60.215138
DMS,45,270.177884,60.212603
Optimal,40,,
DMS_split_0.5,45,50.207342,50.207342
DMS_split_0.4_0.6,45,50.225055,50.207342
DMS_split_at_50,45,30.238503,30.238503
DMS_split_at_100,45,50.233037,50.233037
DMS_split_at_300,45,70.233232,50.221759
DMS_split_at_500,45,90.228069,50.221759
DMS_split_at_1000,45,40.234012,40.234012
DMS,46,170.20609,30.207922
DMS_split_0.5,46,30.216433,30.216433
DMS_split_0.4_0.6,46,30.216433,30.216433
DMS_split_at_50,46,30.202392,30.202392
DMS_split_at_300,46,20.191335,20.191335
DMS_split_at_100,46,30.202249,30.202249
DMS_split_at_500,46,30.202249,30.202249
DMS_split_at_1000,46,30.202249,30.202249
MS_split_0.5,46,530.181653,340.196324
MS_split_MGM_200,46,70.183817,70.183817
MS_split_opt_200,46,70.1767,70.1767
DMS,47,140.250219,60.224821
MS_split_0.5,45,840.199689,400.208779
MS_split_MGM_200,45,140.1962,140.1962
MS_split_opt_200,45,110.193452,110.193452
DMS_split_0.5,47,30.23873,30.23873
Optimal,43,,
DMS_split_0.4_0.6,47,30.23873,30.23873
DMS_split_at_50,47,30.286017,30.286017
DMS_split_at_100,47,40.248216,40.248216
DMS_split_at_300,47,30.274816,30.274816
DMS_split_at_500,47,40.247081,40.247081
DMS_split_at_1000,47,40.243562,40.243562
DMS,48,40.200735,40.196305
DMS_split_0.5,48,60.20614,30.204142
Optimal,44,,
DMS_split_0.4_0.6,48,40.199108,30.200465
DMS_split_at_50,48,10.212384,10.212384
MS_split_0.5,44,1250.238822,370.199034
MS_split_MGM_200,44,170.201609,170.201609
MS_split_opt_200,44,170.201609,170.201609
DMS_split_at_100,48,10.218744,10.218744
DMS_split_at_300,48,10.202365,10.202365
DMS_split_at_1000,48,20.225572,20.225572
DMS_split_at_500,48,20.209297,20.209297
DMS,49,200.205915,80.19228
Optimal,45,,
DMS_split_0.5,49,70.216129,70.206022
DMS_split_0.4_0.6,49,90.242789,70.206022
Optimal,48,10.200289,10.200289
MS_split_0.5,48,600.183083,240.188861
MS_split_MGM_200,48,110.183968,110.183968
MS_split_opt_200,48,80.190391,80.190391
DMS_split_at_50,49,120.239944,70.235891
DMS_split_at_100,49,70.214814,70.210836
DMS_split_at_300,49,70.210199,70.198834
DMS_split_at_1000,49,70.21668,70.212834
DMS_split_at_500,49,100.242897,70.244736
Optimal,46,,
Optimal,47,,
MS_split_0.5,47,970.241791,220.209664
MS_split_MGM_200,47,170.193484,170.193484
MS_split_opt_200,47,130.211709,130.211709
MS_split_0.5,49,1150.209109,250.160334
MS_split_MGM_200,49,190.186012,190.186012
MS_split_opt_200,49,160.173082,160.173082
Optimal,49,,
Attentive,1,20.231713,20.231713
Attentive,0,50.267111,40.216407
Attentive,2,20.244198,20.244198
Attentive,3,30.214081,30.214081
Attentive,4,60.274445,40.206459
Attentive,5,40.268111,40.220333
Attentive,6,30.294417,30.2244
Attentive,7,140.282967,30.232261
Attentive,8,0.215797,0.215797
Attentive,9,70.2377,70.2377
Attentive,10,20.256758,20.256758
Attentive,11,20.231058,20.20495
Attentive,12,0.209491,0.209491
Attentive,13,10.225171,10.225171
Attentive,14,20.231129,20.231129
Attentive,15,10.244519,10.244519
Attentive,16,20.276847,20.276847
Attentive,17,10.206645,10.206645
Attentive,18,40.214797,20.20616
Attentive,19,60.223129,10.252241
Attentive,20,40.232559,40.203592
Attentive,21,0.222485,0.222485
Attentive,22,20.224913,20.224913
Attentive,23,30.239907,30.23219
Attentive,24,10.214913,10.214913
Attentive,25,40.242438,40.242438
Attentive,26,80.263554,60.255941
Attentive,27,30.254681,10.24306
Attentive,28,20.248132,20.235041
Attentive,29,10.225206,10.225206
Attentive,30,160.254518,30.229688
Attentive,31,10.207397,10.207397
Attentive,32,40.264618,40.264618
Attentive,33,50.244515,20.235866
Attentive,34,0.229234,0.229234
Attentive,35,20.208262,20.208262
Attentive,36,20.221176,20.218759
Attentive,37,30.235198,30.206096
Attentive,38,20.239291,20.239291
Attentive,39,10.211943,10.211943
Attentive,40,40.242892,40.193957
Attentive,41,0.236044,0.236044
Attentive,42,10.216711,10.216711
Attentive,43,30.240392,30.240392
Attentive,44,180.249464,60.215138
Attentive,45,50.248207,40.237012
Attentive,46,20.217246,20.217246
Attentive,47,110.265819,30.25101
Attentive,48,10.213897,10.213897
Attentive,49,190.247827,60.246724
MS,2,580.160116,200.166965
MS,1,560.206413,230.186550
MS,3,700.182846,370.188312
MS,4,540.220646,260.174784
MS,5,570.174205,160.174704
MS,7,520.210446,290.167767
MS,6,730.208931,160.186239
MS,0,620.189697,170.187995
MS,8,540.186601,150.178281
MS,12,640.191572,140.161623
MS,10,600.196176,130.179806
MS,11,590.142759,160.161520
MS,13,450.203007,190.193604
MS,15,780.211369,260.184685
MS,14,560.169000,220.129066
MS,9,880.202477,440.201297
MS,17,660.179329,260.177263
MS,19,510.171151,120.162776
MS,16,660.205912,470.201978
MS,18,730.172510,100.165767
MS,21,510.207191,340.218479
MS,20,640.182918,250.139575
MS,22,800.217386,310.190784
MS,23,630.194140,290.166371
MS,24,490.174500,160.181856
MS,27,770.197147,130.166985
MS,28,500.215164,180.176592
MS,25,630.161825,310.173614
MS,26,800.188561,300.164397
MS,29,1010.208173,240.183358
MS,30,540.203905,270.193546
MS,31,630.190367,260.202397
MS,34,490.194249,300.181448
MS,33,590.194504,220.167691
MS,32,600.176127,280.153834
MS,36,450.156752,240.167145
MS,37,730.182438,270.173309
MS,35,600.180780,220.178782
MS,38,690.183617,240.163149
MS,39,1080.193391,220.166157
MS,41,480.198917,120.192819
MS,40,1050.203523,260.165835
MS,42,840.204719,210.207429
MS,43,640.185893,270.194340
MS,45,670.187431,280.168096
MS,46,910.199254,260.156134
MS,44,890.216675,350.178242
MS,47,660.227707,160.224194
MS,48,470.181230,230.215838
MS,49,1090.199205,250.150964
Attentive_NoSplit,2,190.187049,40.191232
Attentive_NoSplit,3,300.188471,40.204599
Attentive_NoSplit,1,200.221598,20.209074
Attentive_NoSplit,4,210.279466,40.212800
Attentive_NoSplit,5,150.206610,50.215041
Attentive_NoSplit,0,50.215674,40.224169
Attentive_NoSplit,8,0.194074,0.194074
Attentive_NoSplit,7,140.200216,50.206008
Attentive_NoSplit,6,110.219929,40.223368
Attentive_NoSplit,11,80.181539,10.195968
Attentive_NoSplit,10,70.220704,30.204957
Attentive_NoSplit,9,160.260270,60.261884
Attentive_NoSplit,12,0.196743,0.196743
Attentive_NoSplit,13,150.216573,10.241775
Attentive_NoSplit,15,60.206348,30.210959
Attentive_NoSplit,14,190.184570,40.193474
Attentive_NoSplit,17,160.182991,10.207350
Attentive_NoSplit,16,120.252559,30.240801
Attentive_NoSplit,18,220.187151,30.179341
Attentive_NoSplit,19,220.207760,10.194282
Attentive_NoSplit,21,50.191530,20.202992
Attentive_NoSplit,20,140.212712,60.190063
Attentive_NoSplit,22,190.218949,30.248285
Attentive_NoSplit,23,230.228946,40.211896
Attentive_NoSplit,24,80.207153,10.202104
Attentive_NoSplit,25,180.203914,50.192236
Attentive_NoSplit,27,140.210027,30.184379
Attentive_NoSplit,28,100.218446,30.217900
Attentive_NoSplit,26,290.238245,80.197042
Attentive_NoSplit,29,160.223367,10.209651
Attentive_NoSplit,30,80.225138,30.227793
Attentive_NoSplit,34,0.209222,0.209222
Attentive_NoSplit,35,20.233742,20.233742
Attentive_NoSplit,31,120.197662,10.207397
Attentive_NoSplit,33,100.174209,20.215601
Attentive_NoSplit,32,230.227120,70.220058
Attentive_NoSplit,36,10.216223,10.199883
Attentive_NoSplit,37,240.213440,50.185686
Attentive_NoSplit,41,0.213785,0.213785
Attentive_NoSplit,38,60.197464,30.197429
Attentive_NoSplit,39,40.225471,10.208677
Attentive_NoSplit,40,100.225417,40.192399
Attentive_NoSplit,42,190.215116,10.204953
Attentive_NoSplit,43,200.207693,60.214202
Attentive_NoSplit,44,350.220402,70.223146
Attentive_NoSplit,46,70.204050,30.197305
Attentive_NoSplit,45,270.211118,70.207449
Attentive_NoSplit,47,80.240650,50.247364
Attentive_NoSplit,48,110.186867,20.198455
Attentive_NoSplit,49,200.215394,100.209517
MS_split_MGM_inverted_200,2,210.189948,210.189948
MS_split_MGM_inverted_200,1,240.212234,240.212234
MS_split_MGM_inverted_200,3,250.221013,250.221013
MS_split_MGM_inverted_200,4,330.245513,330.245513
MS_split_MGM_inverted_200,6,340.227439,190.163759
MS_split_MGM_inverted_200,7,220.228243,220.228243
MS_split_MGM_inverted_200,5,180.195937,180.195937
MS_split_MGM_inverted_200,0,330.231154,190.211094
MS_split_MGM_inverted_200,8,70.187156,70.187156
MS_split_MGM_inverted_200,12,60.193690,60.193690
MS_split_MGM_inverted_200,13,160.192535,160.192535
MS_split_MGM_inverted_200,11,140.224661,140.224661
MS_split_MGM_inverted_200,10,190.188077,160.177181
MS_split_MGM_inverted_200,15,220.248605,220.248605
MS_split_MGM_inverted_200,14,290.189983,240.158338
MS_split_MGM_inverted_200,9,410.237358,410.237358
MS_split_MGM_inverted_200,16,320.230957,320.230957
MS_split_MGM_inverted_200,17,150.200357,150.200357
MS_split_MGM_inverted_200,19,80.192697,80.192697
MS_split_MGM_inverted_200,21,180.196049,180.196049
MS_split_MGM_inverted_200,18,150.194713,140.173296
MS_split_MGM_inverted_200,22,240.221449,240.221449
MS_split_MGM_inverted_200,20,330.177259,240.167861
MS_split_MGM_inverted_200,23,180.207219,180.207219
MS_split_MGM_inverted_200,24,150.223386,150.223386
MS_split_MGM_inverted_200,27,230.228282,190.168543
MS_split_MGM_inverted_200,28,170.199107,170.199107
MS_split_MGM_inverted_200,25,320.188431,310.169075
MS_split_MGM_inverted_200,26,300.201940,300.185389
MS_split_MGM_inverted_200,29,270.178270,270.178270
MS_split_MGM_inverted_200,30,180.214074,180.214074
MS_split_MGM_inverted_200,31,240.216618,240.216618
MS_split_MGM_inverted_200,34,380.246277,270.196441
MS_split_MGM_inverted_200,33,130.208835,130.208835
MS_split_MGM_inverted_200,32,320.203047,320.203047
MS_split_MGM_inverted_200,36,230.202923,230.202923
MS_split_MGM_inverted_200,35,390.186795,380.194940
MS_split_MGM_inverted_200,37,260.196634,260.196634
MS_split_MGM_inverted_200,38,200.188037,200.188037
MS_split_MGM_inverted_200,39,270.221592,270.221592
MS_split_MGM_inverted_200,41,20.236069,20.236069
MS_split_MGM_inverted_200,40,300.196432,290.185811
MS_split_MGM_inverted_200,42,0.220769,0.220769
MS_split_MGM_inverted_200,43,270.248692,270.248692
MS_split_MGM_inverted_200,45,350.183649,350.183649
MS_split_MGM_inverted_200,44,330.212724,330.212724
MS_split_MGM_inverted_200,46,210.176722,210.176722
MS_split_MGM_inverted_200,47,360.260268,220.209664
MS_split_MGM_inverted_200,48,220.192954,220.192954
MS_split_MGM_inverted_200,49,400.176607,250.160334
