bench,seed,p,freeze,t95,final_commit,final,best,period
random_dense,0,0.5,35,49,0.9573002754820936,98762.29702080572,98762.29702080572,1
random_dense,0,0.55,44,61,0.9586776859504132,98762.29702080572,98762.29702080572,1
random_dense,0,0.6,26,40,0.9634986225895317,98909.27607468536,98909.27607468536,1
random_dense,0,0.7,66,80,0.9607438016528925,98440.28870792719,98440.28870792719,1
random_dense,0,0.8,116,131,0.9414600550964187,98302.27410760109,98302.27410760109,1
random_dense,0,0.9,117,182,0.9504132231404959,98380.27466290363,98380.27466290363,1
random_dense,0,0.95,60,2000,0.9263085399449036,98238.3014099603,98238.3014099603,1
random_dense,0,0.99,517,560,0.953168044077135,97938.26109035694,97938.26109035694,1
random_dense,0,1.0,484,2000,0.9269972451790633,98012.2441223322,98012.2441223322,1
random_dense,1,0.5,60,66,0.96900826446281,98486.23504667022,98486.23504667022,1
random_dense,1,0.55,50,78,0.9524793388429752,98654.24948285239,98654.24948285239,1
random_dense,1,0.6,38,84,0.9504132231404959,98654.24948285239,98654.24948285239,1
random_dense,1,0.7,310,115,0.9449035812672176,97948.24381782144,97948.24381782144,1
random_dense,1,0.8,1997,2000,0.8836088154269972,98051.23408126824,97959.23679865514,0
random_dense,1,0.9,159,157,0.9586776859504132,97714.23627507471,97714.23627507471,1
random_dense,1,0.95,81,81,0.953168044077135,97714.23627507471,97714.23627507471,1
random_dense,1,0.99,88,91,0.9424931129476584,97714.23627507471,97714.23627507471,1
random_dense,1,1.0,82,2000,0.8767217630853994,97714.23627507471,97714.23627507471,1
random_dense,2,0.5,84,2000,0.9117647058823529,99404.2514558418,99404.2514558418,1
random_dense,2,0.55,83,2000,0.9127906976744186,99404.2514558418,99404.2514558418,1
random_dense,2,0.6,79,2000,0.9124487004103967,99404.2514558418,99404.2514558418,1
random_dense,2,0.7,228,2000,0.9295485636114911,98980.23927882561,98980.23927882561,1
random_dense,2,0.8,58,77,0.9623803009575923,99181.24844507841,99181.24844507841,1
random_dense,2,0.9,125,2000,0.9463064295485636,98766.23170294364,98766.23170294364,1
random_dense,2,0.95,643,2000,0.9377564979480164,98676.24137265279,98676.24137265279,1
random_dense,2,0.99,293,2000,0.914500683994528,98721.2152254426,98721.2152254426,1
random_dense,2,1.0,780,2000,0.7694938440492476,98645.22974006044,98637.23561820717,1
random_dense,3,0.5,38,31,0.9084224598930482,101667.2347297892,101667.2347297892,1
random_dense,3,0.55,35,32,0.9084224598930482,101667.2347297892,101667.2347297892,1
random_dense,3,0.6,33,31,0.9040775401069518,101667.2347297892,101667.2347297892,1
random_dense,3,0.7,64,83,0.9552139037433155,101631.22704809904,101631.22704809904,1
random_dense,3,0.8,138,2000,0.9441844919786097,100989.22839982354,100989.22839982354,1
random_dense,3,0.9,126,2000,0.9131016042780749,100885.21665750431,100885.21665750431,1
random_dense,3,0.95,168,2000,0.9428475935828877,100773.22699014757,100773.22699014757,1
random_dense,3,0.99,111,122,0.9682486631016043,100687.226707669,100687.226707669,1
random_dense,3,1.0,1623,2000,0.9017379679144385,100844.21933104789,100686.24636955374,1
random_dense,4,0.5,56,71,0.9652482269503546,95317.26470257633,95317.26470257633,1
random_dense,4,0.55,110,129,0.9776595744680852,95262.27138224394,95262.27138224394,1
random_dense,4,0.6,70,92,0.974113475177305,95262.27138224394,95262.27138224394,1
random_dense,4,0.7,41,2000,0.9184397163120568,95278.2618888904,95278.2618888904,1
random_dense,4,0.8,55,2000,0.9460992907801419,95100.25440744055,95100.25440744055,1
random_dense,4,0.9,53,2000,0.9382978723404255,95100.25440744055,95100.25440744055,1
random_dense,4,0.95,48,2000,0.9312056737588652,95100.25440744055,95100.25440744055,1
random_dense,4,0.99,1059,2000,0.9322695035460993,94809.27618591848,94809.27618591848,1
random_dense,4,1.0,153,2000,0.8787234042553191,94946.2927121686,94946.2927121686,1
random_dense,5,0.5,63,2000,0.9114093959731544,100899.2440976336,100899.2440976336,1
random_dense,5,0.55,121,133,0.9630872483221476,100813.25499292414,100813.25499292414,1
random_dense,5,0.6,88,99,0.9627516778523489,100813.25499292414,100813.25499292414,1
random_dense,5,0.7,90,111,0.9543624161073826,100813.25499292414,100813.25499292414,1
random_dense,5,0.8,48,2000,0.9395973154362416,100813.25499292414,100813.25499292414,1
random_dense,5,0.9,439,2000,0.9416107382550336,100814.20447518052,100746.20858846602,1
random_dense,5,0.95,135,2000,0.924496644295302,100693.24995541533,100693.24995541533,1
random_dense,5,0.99,1627,2000,0.9446308724832215,101031.23456769672,100557.2582411565,1
random_dense,5,1.0,333,2000,0.8704697986577181,100596.25026803146,100596.25026803146,1
random_dense,6,0.5,106,92,0.9676308539944903,98250.24235142555,98250.24235142555,1
random_dense,6,0.55,67,75,0.9586776859504132,98666.24226900427,98666.24226900427,1
random_dense,6,0.6,66,75,0.9573002754820936,98666.24226900427,98666.24226900427,1
random_dense,6,0.7,51,66,0.946625344352617,98666.24226900427,98666.24226900427,1
random_dense,6,0.8,152,155,0.9631542699724518,98250.24235142555,98250.24235142555,1
random_dense,6,0.9,327,2000,0.9349173553719008,98235.27774119031,98017.2498284484,1
random_dense,6,0.95,72,2000,0.8953168044077136,98059.24759413398,98059.24759413398,1
random_dense,6,0.99,559,2000,0.9015151515151515,97979.24744240516,97979.24744240516,1
random_dense,6,1.0,142,2000,0.7816804407713499,97979.24744240516,97979.24744240516,1
random_dense,7,0.5,50,54,0.9842312746386334,102533.25625634834,102533.25625634834,1
random_dense,7,0.55,50,54,0.9832457293035479,102533.25625634834,102533.25625634834,1
random_dense,7,0.6,42,52,0.9812746386333772,102533.25625634834,102533.25625634834,1
random_dense,7,0.7,34,2000,0.9165571616294349,102500.25376328095,102500.25376328095,1
random_dense,7,0.8,27,2000,0.8988173455978975,102500.25376328095,102500.25376328095,1
random_dense,7,0.9,187,2000,0.8705650459921156,102458.25102902895,102458.25102902895,1
random_dense,7,0.95,71,2000,0.8863337713534822,102431.27087332236,102431.27087332236,1
random_dense,7,0.99,489,2000,0.9484231274638634,102470.2518416067,102470.2518416067,1
random_dense,7,1.0,1442,2000,0.8659658344283837,102648.2486903554,102586.27613652434,1
random_dense,8,0.5,90,110,0.97911051212938,100229.23203767314,100229.23203767314,1
random_dense,8,0.55,87,103,0.9777628032345014,100229.23203767314,100229.23203767314,1
random_dense,8,0.6,84,100,0.976078167115903,100229.23203767314,100229.23203767314,1
random_dense,8,0.7,71,2000,0.909366576819407,100245.22936178409,100245.22936178409,1
random_dense,8,0.8,84,2000,0.9400269541778976,100123.25063344296,100123.25063344296,1
random_dense,8,0.9,31,2000,0.9356469002695418,100090.24601919472,100090.24601919472,1
random_dense,8,0.95,248,2000,0.9191374663072777,100046.25176991796,100046.25176991796,1
random_dense,8,0.99,1237,2000,0.9272237196765498,100103.23610011881,100046.25176991796,1
random_dense,8,1.0,2000,2000,0.2756064690026954,106085.26263951644,100046.25176991796,0
random_dense,9,0.5,89,2000,0.9263513513513514,100422.23672296468,100422.23672296468,1
random_dense,9,0.55,53,2000,0.897972972972973,100532.23460960458,100532.23460960458,1
random_dense,9,0.6,34,2000,0.9331081081081081,100510.23199135259,100510.23199135259,1
random_dense,9,0.7,174,199,0.9570945945945946,100348.23864055063,100348.23864055063,1
random_dense,9,0.8,83,2000,0.8547297297297297,100592.20105670819,100592.20105670819,1
random_dense,9,0.9,129,144,0.9554054054054054,99927.22693887426,99927.22693887426,1
random_dense,9,0.95,54,2000,0.9152027027027027,99820.23053103988,99820.23053103988,1
random_dense,9,0.99,878,2000,0.9060810810810811,100262.25346920695,99699.2296306755,1
random_dense,9,1.0,1086,2000,0.7905405405405406,99570.24658051772,99570.24658051772,1
random_dense,10,0.5,147,2000,0.9484181568088033,98049.23303644436,98049.23303644436,1
random_dense,10,0.55,147,2000,0.9477303988995873,98049.23303644436,98049.23303644436,1
random_dense,10,0.6,107,2000,0.9460110041265475,98049.23303644436,98049.23303644436,1
random_dense,10,0.7,30,40,0.9422283356258597,97994.23284474916,97994.23284474916,1
random_dense,10,0.8,28,2000,0.936726272352132,97994.23284474916,97994.23284474916,1
random_dense,10,0.9,26,2000,0.9236588720770289,97994.23284474916,97994.23284474916,1
random_dense,10,0.95,27,2000,0.9119669876203577,97994.23284474916,97994.23284474916,1
random_dense,10,0.99,35,2000,0.8710453920220083,97994.23284474916,97994.23284474916,1
random_dense,10,1.0,786,2000,0.844566712517194,98132.25690721553,97994.23284474916,1
random_dense,11,0.5,71,2000,0.9382716049382716,99304.26001578406,99304.26001578406,1
random_dense,11,0.55,70,2000,0.9386145404663924,99304.26001578406,99304.26001578406,1
random_dense,11,0.6,64,2000,0.9379286694101509,99304.26001578406,99304.26001578406,1
random_dense,11,0.7,219,258,0.9543895747599451,98962.24824833445,98962.24824833445,1
random_dense,11,0.8,62,86,0.9550754458161865,99230.23457597394,99230.23457597394,1
random_dense,11,0.9,289,2000,0.9444444444444444,98511.22957027864,98511.22957027864,1
random_dense,11,0.95,90,2000,0.9344993141289437,98619.26752109213,98619.26752109213,1
random_dense,11,0.99,284,2000,0.9207818930041153,98492.24553199095,98492.24553199095,1
random_dense,11,1.0,697,2000,0.9156378600823045,98370.21103760872,98370.21103760872,1
random_dense,12,0.5,87,2000,0.9404432132963989,97984.24901337658,97984.24901337658,1
random_dense,12,0.55,117,120,0.9681440443213296,97775.2677101801,97775.2677101801,1
random_dense,12,0.6,113,117,0.9691828254847645,97775.2677101801,97775.2677101801,1
random_dense,12,0.7,210,216,0.9816481994459834,97542.270406358,97542.270406358,1
random_dense,12,0.8,56,2000,0.9269390581717452,97882.25421626611,97882.25421626611,1
random_dense,12,0.9,53,100,0.9529085872576177,97656.23825604262,97656.23825604262,1
random_dense,12,0.95,360,393,0.9598337950138505,97524.22684475292,97495.25055937376,1
random_dense,12,0.99,98,2000,0.9400969529085873,97206.24313591156,97206.24313591156,1
random_dense,12,1.0,79,2000,0.8725761772853186,97206.24313591156,97206.24313591156,1
random_dense,13,0.5,24,41,0.944078947368421,103676.23050128583,103676.23050128583,1
random_dense,13,0.55,24,2000,0.9411184210526315,103676.23050128583,103676.23050128583,1
random_dense,13,0.6,22,2000,0.937171052631579,103676.23050128583,103676.23050128583,1
random_dense,13,0.7,34,50,0.96875,103573.23938253442,103573.23938253442,1
random_dense,13,0.8,38,2000,0.9279605263157895,103527.22418856123,103527.22418856123,1
random_dense,13,0.9,118,2000,0.9447368421052632,102690.25564203206,102690.25564203206,1
random_dense,13,0.95,248,2000,0.9263157894736842,102626.2619123054,102626.2619123054,1
random_dense,13,0.99,229,2000,0.9131578947368421,102470.23735551312,102470.23735551312,1
random_dense,13,1.0,118,2000,0.8717105263157895,102546.23195852152,102546.23195852152,1
random_dense,14,0.5,37,63,0.9689973614775725,103442.23227619524,103442.23227619524,1
random_dense,14,0.55,32,41,0.9564643799472295,103442.24690162309,103442.24690162309,1
random_dense,14,0.6,27,35,0.9508575197889182,103442.24690162309,103442.24690162309,1
random_dense,14,0.7,105,2000,0.9277704485488126,103213.23019516196,103213.23019516196,1
random_dense,14,0.8,151,2000,0.9244722955145118,103191.23378030976,103191.23378030976,1
random_dense,14,0.9,196,231,0.9604221635883905,102861.26357788159,102861.26357788159,1
random_dense,14,0.95,183,234,0.9551451187335093,102838.22875219025,102838.22875219025,1
random_dense,14,0.99,420,2000,0.9027044854881267,102415.24757509337,102415.24757509337,1
random_dense,14,1.0,1999,2000,0.7196569920844327,103150.243366122,102695.2434455768,0
random_dense,15,0.5,142,2000,0.9382801664355063,97949.21751690791,97949.21751690791,1
random_dense,15,0.55,173,2000,0.9361997226074896,97716.2300742118,97716.2300742118,1
random_dense,15,0.6,89,2000,0.9361997226074896,97716.2300742118,97716.2300742118,1
random_dense,15,0.7,79,94,0.957004160887656,97658.23515623674,97658.23515623674,1
random_dense,15,0.8,71,77,0.9604715672676838,97671.24437876097,97671.24437876097,1
random_dense,15,0.9,153,2000,0.9060332871012483,97677.24322220554,97677.24322220554,1
random_dense,15,0.95,583,2000,0.9424410540915396,97539.26366679904,97539.26366679904,1
random_dense,15,0.99,724,732,0.9549237170596394,96892.256856755,96892.256856755,1
random_dense,15,1.0,387,2000,0.90499306518724,96892.256856755,96892.256856755,1
random_dense,16,0.5,32,2000,0.943089430894309,100582.25314099694,100582.25314099694,1
random_dense,16,0.55,32,2000,0.9420731707317073,100582.25314099694,100582.25314099694,1
random_dense,16,0.6,53,64,0.9512195121951219,100047.26001887418,100047.26001887418,1
random_dense,16,0.7,60,69,0.9532520325203252,100193.27050848973,100193.27050848973,1
random_dense,16,0.8,106,2000,0.931910569105691,99822.25488767217,99822.25488767217,1
random_dense,16,0.9,92,2000,0.9397018970189702,99841.2766000161,99841.2766000161,1
random_dense,16,0.95,630,2000,0.9200542005420054,99743.26044394907,99743.26044394907,1
random_dense,16,0.99,1600,2000,0.9474932249322493,99787.24146313236,99759.28113308795,1
random_dense,16,1.0,451,2000,0.8699186991869918,99592.23350671465,99592.23350671465,1
random_dense,17,0.5,56,2000,0.9240422721268163,102714.19903615939,102714.19903615939,1
random_dense,17,0.55,51,2000,0.9256935270805813,102714.19903615939,102714.19903615939,1
random_dense,17,0.6,86,2000,0.9356010568031704,102546.21947174247,102546.21947174247,1
random_dense,17,0.7,35,2000,0.9180977542932629,102714.19903615939,102714.19903615939,1
random_dense,17,0.8,26,2000,0.9009247027741083,102714.19903615939,102714.19903615939,1
random_dense,17,0.9,64,2000,0.9187582562747688,102466.22480496726,102466.22480496726,1
random_dense,17,0.95,220,2000,0.9204095112285336,102253.24773110713,102253.24773110713,1
random_dense,17,0.99,2000,2000,0.7031043593130779,106124.23739328289,102240.23156939242,0
random_dense,17,1.0,745,2000,0.8797886393659181,102273.24952140743,102273.24952140743,1
random_dense,18,0.5,87,120,0.9549795361527967,99635.24532999065,99635.24532999065,1
random_dense,18,0.55,52,2000,0.937244201909959,99594.23964683124,99594.23964683124,1
random_dense,18,0.6,270,2000,0.9461118690313779,98853.2419304946,98853.2419304946,1
random_dense,18,0.7,61,2000,0.9167803547066848,99539.25007015259,99539.25007015259,1
random_dense,18,0.8,53,2000,0.8973396998635743,99539.25007015259,99539.25007015259,1
random_dense,18,0.9,102,2000,0.9307639836289222,98823.24224606398,98823.24224606398,1
random_dense,18,0.95,301,2000,0.8536834924965894,99047.24986646841,99047.24986646841,1
random_dense,18,0.99,42,61,0.9549795361527967,99340.25875857897,99340.25875857897,1
random_dense,18,1.0,283,2000,0.8990450204638472,98771.2607626822,98771.2607626822,1
random_dense,19,0.5,71,76,0.9649234693877551,106700.26811951118,106700.26811951118,1
random_dense,19,0.55,53,81,0.9537627551020408,106806.25947700138,106806.25947700138,1
random_dense,19,0.6,37,48,0.9630102040816326,106868.2624364056,106868.2624364056,1
random_dense,19,0.7,67,2000,0.9473852040816326,106677.26454120991,106677.26454120991,1
random_dense,19,0.8,43,2000,0.8925382653061225,106899.26706055593,106899.26706055593,1
random_dense,19,0.9,49,64,0.9461096938775511,106351.26441531353,106351.26441531353,1
random_dense,19,0.95,319,2000,0.9320790816326531,106230.23708423079,106230.23708423079,1
random_dense,19,0.99,189,2000,0.9081632653061225,106245.26266121675,106245.26266121675,1
random_dense,19,1.0,1454,2000,0.8947704081632653,106111.25145327422,105861.24620202821,1
random_sparse,0,0.5,66,2000,0.8724137931034482,17235.24461467859,17235.24461467859,1
random_sparse,0,0.55,69,2000,0.8637931034482759,17235.24461467859,17235.24461467859,1
random_sparse,0,0.6,78,2000,0.853448275862069,17235.24461467859,17235.24461467859,1
random_sparse,0,0.7,78,2000,0.7517241379310344,17272.23697990964,17272.23697990964,1
random_sparse,0,0.8,125,2000,0.743103448275862,17236.248420249853,17236.248420249853,1
random_sparse,0,0.9,181,2000,0.7517241379310344,17107.252351542433,17107.252351542433,1
random_sparse,0,0.95,83,2000,0.6844827586206896,17096.259277024372,17096.259277024372,1
random_sparse,0,0.99,1689,2000,0.6810344827586207,17089.230157574068,17089.230157574068,1
random_sparse,0,1.0,277,2000,0.33448275862068966,17089.230157574068,17089.230157574068,1
random_sparse,1,0.5,263,2000,0.7754237288135594,13787.244717290874,13787.244717290874,1
random_sparse,1,0.55,263,2000,0.7796610169491526,13787.244717290874,13787.244717290874,1
random_sparse,1,0.6,244,2000,0.7754237288135594,13787.244717290874,13787.244717290874,1
random_sparse,1,0.7,216,2000,0.7563559322033898,13787.244717290874,13787.244717290874,1
random_sparse,1,0.8,65,2000,0.7372881355932204,13795.250103887049,13795.250103887049,1
random_sparse,1,0.9,85,2000,0.6461864406779662,13723.235226720333,13723.235226720333,1
random_sparse,1,0.95,41,2000,0.6101694915254238,13714.25064582796,13714.25064582796,1
random_sparse,1,0.99,1560,2000,0.6483050847457628,13744.238467430598,13742.240597345277,1
random_sparse,1,1.0,2000,2000,0.046610169491525424,14355.243848624197,13669.272195947398,0
random_sparse,2,0.5,93,2000,0.7964601769911505,13064.238931180007,13064.238931180007,1
random_sparse,2,0.55,93,2000,0.7876106194690266,13064.238931180007,13064.238931180007,1
random_sparse,2,0.6,91,2000,0.7898230088495575,13064.238931180007,13064.238931180007,1
random_sparse,2,0.7,89,2000,0.7743362831858407,13064.238931180007,13064.238931180007,1
random_sparse,2,0.8,86,2000,0.754424778761062,13064.238931180007,13064.238931180007,1
random_sparse,2,0.9,72,2000,0.7146017699115044,13050.23829344256,13050.23829344256,1
random_sparse,2,0.95,61,2000,0.661504424778761,13050.23829344256,13050.23829344256,1
random_sparse,2,0.99,56,2000,0.5995575221238938,13050.23829344256,13050.23829344256,1
random_sparse,2,1.0,66,2000,0.14601769911504425,13050.23829344256,13050.23829344256,1
random_sparse,3,0.5,88,2000,0.7379032258064516,14614.231008256591,14614.231008256591,1
random_sparse,3,0.55,88,2000,0.7560483870967742,14614.231008256591,14614.231008256591,1
random_sparse,3,0.6,77,2000,0.7600806451612904,14614.231008256591,14614.231008256591,1
random_sparse,3,0.7,48,2000,0.7782258064516129,14586.21983833799,14586.21983833799,1
random_sparse,3,0.8,39,2000,0.7560483870967742,14586.21983833799,14586.21983833799,1
random_sparse,3,0.9,103,2000,0.7298387096774194,14534.24474597111,14534.24474597111,1
random_sparse,3,0.95,84,2000,0.6875,14415.260476875103,14415.260476875103,1
random_sparse,3,0.99,1902,2000,0.6330645161290323,14415.260476875103,14415.260476875103,0
random_sparse,3,1.0,1980,2000,0.2782258064516129,14415.260476875103,14415.260476875103,0
random_sparse,4,0.5,47,2000,0.7362204724409449,15163.24528144148,15163.24528144148,1
random_sparse,4,0.55,44,2000,0.7322834645669292,15163.24528144148,15163.24528144148,1
random_sparse,4,0.6,47,2000,0.6712598425196851,15164.248246338851,15164.248246338851,1
random_sparse,4,0.7,101,2000,0.7519685039370079,14957.276201372646,14957.276201372646,1
random_sparse,4,0.8,152,2000,0.7362204724409449,14966.275286893515,14966.275286893515,1
random_sparse,4,0.9,103,2000,0.702755905511811,14933.25891622528,14933.25891622528,1
random_sparse,4,0.95,112,2000,0.687007874015748,14931.245005786832,14931.245005786832,1
random_sparse,4,0.99,487,2000,0.655511811023622,14919.259566988487,14900.250965719884,1
random_sparse,4,1.0,237,2000,0.25196850393700787,14866.237110586739,14866.237110586739,1
random_sparse,5,0.5,19,2000,0.7757352941176471,15941.266883176957,15941.266883176957,1
random_sparse,5,0.55,19,2000,0.7904411764705882,15941.266883176957,15941.266883176957,1
random_sparse,5,0.6,18,2000,0.7849264705882353,15941.266883176957,15941.266883176957,1
random_sparse,5,0.7,49,2000,0.7886029411764706,15892.264406755965,15892.264406755965,1
random_sparse,5,0.8,36,2000,0.7628676470588235,15892.264406755965,15892.264406755965,1
random_sparse,5,0.9,79,2000,0.7334558823529411,15810.267499381993,15810.267499381993,1
random_sparse,5,0.95,57,2000,0.7738970588235294,15737.26836013885,15737.26836013885,1
random_sparse,5,0.99,51,2000,0.7426470588235294,15737.26836013885,15737.26836013885,1
random_sparse,5,1.0,51,2000,0.47058823529411764,15737.26836013885,15737.26836013885,1
random_sparse,6,0.5,64,2000,0.7910447761194029,15677.249526889556,15677.249526889556,1
random_sparse,6,0.55,55,2000,0.7947761194029851,15677.249526889556,15677.249526889556,1
random_sparse,6,0.6,48,2000,0.7910447761194029,15677.249526889556,15677.249526889556,1
random_sparse,6,0.7,44,2000,0.7910447761194029,15677.249526889556,15677.249526889556,1
random_sparse,6,0.8,45,2000,0.7742537313432836,15677.249526889556,15677.249526889556,1
random_sparse,6,0.9,47,2000,0.7145522388059702,15677.249526889556,15677.249526889556,1
random_sparse,6,0.95,120,2000,0.6884328358208955,15629.249765300387,15629.249765300387,1
random_sparse,6,0.99,87,2000,0.6138059701492538,15635.249022788279,15635.249022788279,1
random_sparse,6,1.0,2000,2000,0.05223880597014925,17827.258786623563,15635.249022788279,0
random_sparse,7,0.5,444,2000,0.8134328358208955,15954.257848154835,15954.257848154835,1
random_sparse,7,0.55,443,2000,0.8097014925373134,15954.257848154835,15954.257848154835,1
random_sparse,7,0.6,427,2000,0.8059701492537313,15954.257848154835,15954.257848154835,1
random_sparse,7,0.7,339,2000,0.7835820895522388,15954.257848154835,15954.257848154835,1
random_sparse,7,0.8,181,2000,0.7332089552238806,15865.268892478975,15865.268892478975,1
random_sparse,7,0.9,103,2000,0.7014925373134329,15772.268154300082,15772.268154300082,1
random_sparse,7,0.95,1995,2000,0.6324626865671642,15792.266639564881,15779.267016607237,0
random_sparse,7,0.99,2000,2000,0.48880597014925375,16851.275748525295,15774.26509666857,0
random_sparse,7,1.0,2000,2000,0.022388059701492536,16700.26445291869,15753.230944815354,0
random_sparse,8,0.5,266,2000,0.7169811320754716,12311.240926851115,12311.240926851115,1
random_sparse,8,0.55,194,2000,0.7216981132075472,12311.240926851115,12311.240926851115,1
random_sparse,8,0.6,157,2000,0.7075471698113207,12311.240926851115,12311.240926851115,1
random_sparse,8,0.7,103,2000,0.6816037735849056,12311.240926851115,12311.240926851115,1
random_sparse,8,0.8,68,2000,0.6367924528301887,12311.240926851115,12311.240926851115,1
random_sparse,8,0.9,85,2000,0.5919811320754716,12289.215609517058,12289.215609517058,1
random_sparse,8,0.95,694,2000,0.5495283018867925,12312.22863413916,12278.22426853252,1
random_sparse,8,0.99,94,2000,0.5801886792452831,12221.21406714136,12221.21406714136,1
random_sparse,8,1.0,2000,2000,0.0047169811320754715,13116.257327452382,12221.21406714136,0
random_sparse,9,0.5,33,2000,0.8145695364238411,18152.23472265698,18152.23472265698,1
random_sparse,9,0.55,33,2000,0.8195364238410596,18152.23472265698,18152.23472265698,1
random_sparse,9,0.6,32,2000,0.8079470198675497,18152.23472265698,18152.23472265698,1
random_sparse,9,0.7,76,2000,0.8327814569536424,18109.232456877748,18109.232456877748,1
random_sparse,9,0.8,78,2000,0.804635761589404,18109.232456877748,18109.232456877748,1
random_sparse,9,0.9,116,2000,0.7400662251655629,18109.232456877748,18109.232456877748,1
random_sparse,9,0.95,78,2000,0.7450331125827815,18048.226311073366,18048.226311073366,1
random_sparse,9,0.99,2000,2000,0.5298013245033113,18790.280981728425,17950.2722695874,0
random_sparse,9,1.0,2000,2000,0.013245033112582781,20253.243111223248,17950.2722695874,0
random_sparse,10,0.5,583,2000,0.75390625,15069.24042141706,15069.24042141706,1
random_sparse,10,0.55,580,2000,0.7421875,15069.24042141706,15069.24042141706,1
random_sparse,10,0.6,533,2000,0.740234375,15069.24042141706,15069.24042141706,1
random_sparse,10,0.7,422,2000,0.75390625,15069.24042141706,15069.24042141706,1
random_sparse,10,0.8,71,2000,0.72265625,15034.229866466583,15034.229866466583,1
random_sparse,10,0.9,81,2000,0.6640625,14999.239031114746,14999.239031114746,1
random_sparse,10,0.95,61,2000,0.62109375,14981.2316139247,14981.2316139247,1
random_sparse,10,0.99,1560,2000,0.6484375,14983.232593998826,14951.234244248693,1
random_sparse,10,1.0,2000,2000,0.0390625,16032.217612050013,14973.216464015593,0
random_sparse,11,0.5,27,2000,0.7298387096774194,14460.260960860855,14460.260960860855,1
random_sparse,11,0.55,27,2000,0.7278225806451613,14460.260960860855,14460.260960860855,1
random_sparse,11,0.6,27,2000,0.7278225806451613,14460.260960860855,14460.260960860855,1
random_sparse,11,0.7,27,2000,0.7016129032258065,14460.260960860855,14460.260960860855,1
random_sparse,11,0.8,36,2000,0.6693548387096774,14460.260960860855,14460.260960860855,1
random_sparse,11,0.9,96,2000,0.6875,14425.243455978762,14425.243455978762,1
random_sparse,11,0.95,91,2000,0.6814516129032258,14302.23481790239,14302.23481790239,1
random_sparse,11,0.99,97,2000,0.655241935483871,14302.23481790239,14302.23481790239,1
random_sparse,11,1.0,1999,2000,0.1935483870967742,14364.224397390133,14302.23481790239,0
random_sparse,12,0.5,30,2000,0.7407407407407407,12607.258589866411,12607.258589866411,1
random_sparse,12,0.55,30,2000,0.7615740740740741,12607.258589866411,12607.258589866411,1
random_sparse,12,0.6,31,2000,0.7453703703703703,12607.258589866411,12607.258589866411,1
random_sparse,12,0.7,37,2000,0.7407407407407407,12607.258589866411,12607.258589866411,1
random_sparse,12,0.8,58,2000,0.7083333333333334,12607.258589866411,12607.258589866411,1
random_sparse,12,0.9,193,2000,0.5879629629629629,12510.278038584804,12510.278038584804,1
random_sparse,12,0.95,192,2000,0.6458333333333334,12436.230569222525,12436.230569222525,1
random_sparse,12,0.99,444,2000,0.5972222222222222,12422.244433377842,12422.244433377842,1
random_sparse,12,1.0,953,2000,0.14351851851851852,12422.244433377842,12422.244433377842,1
random_sparse,13,0.5,25,2000,0.7777777777777778,13792.256528198006,13792.256528198006,1
random_sparse,13,0.55,26,2000,0.7777777777777778,13792.256528198006,13792.256528198006,1
random_sparse,13,0.6,27,2000,0.7606837606837606,13792.256528198006,13792.256528198006,1
random_sparse,13,0.7,21,2000,0.7435897435897436,13792.256528198006,13792.256528198006,1
random_sparse,13,0.8,27,2000,0.7008547008547008,13792.256528198006,13792.256528198006,1
random_sparse,13,0.9,39,2000,0.5918803418803419,13792.256528198006,13792.256528198006,1
random_sparse,13,0.95,109,2000,0.6602564102564102,13492.263962636647,13492.263962636647,1
random_sparse,13,0.99,193,2000,0.6324786324786325,13481.274757260015,13481.274757260015,1
random_sparse,13,1.0,1915,2000,0.19230769230769232,13481.274757260015,13481.274757260015,0
random_sparse,14,0.5,27,2000,0.7520325203252033,14356.240783441535,14356.240783441535,1
random_sparse,14,0.55,27,2000,0.7642276422764228,14356.240783441535,14356.240783441535,1
random_sparse,14,0.6,27,2000,0.7642276422764228,14356.240783441535,14356.240783441535,1
random_sparse,14,0.7,25,2000,0.7621951219512195,14356.240783441535,14356.240783441535,1
random_sparse,14,0.8,27,2000,0.7276422764227642,14356.240783441535,14356.240783441535,1
random_sparse,14,0.9,36,2000,0.6626016260162602,14356.240783441535,14356.240783441535,1
random_sparse,14,0.95,42,2000,0.6036585365853658,14356.240783441535,14356.240783441535,1
random_sparse,14,0.99,204,2000,0.6239837398373984,14352.268147806797,14352.268147806797,1
random_sparse,14,1.0,2000,2000,0.028455284552845527,15546.227818524543,14341.230124548296,0
random_sparse,15,0.5,64,2000,0.6919642857142857,13061.265443378665,13061.265443378665,1
random_sparse,15,0.55,56,2000,0.7008928571428571,13061.265443378665,13061.265443378665,1
random_sparse,15,0.6,46,2000,0.6919642857142857,13061.265443378665,13061.265443378665,1
random_sparse,15,0.7,36,2000,0.6674107142857143,13061.265443378665,13061.265443378665,1
random_sparse,15,0.8,55,2000,0.6964285714285714,13042.270383336378,13042.270383336378,1
random_sparse,15,0.9,99,2000,0.6540178571428571,12930.284586664688,12930.284586664688,1
random_sparse,15,0.95,124,2000,0.6428571428571429,12894.277001711816,12894.277001711816,1
random_sparse,15,0.99,1999,2000,0.5022321428571429,13695.260958723618,12899.277332423733,0
random_sparse,15,1.0,1993,2000,0.08482142857142858,12967.253657544954,12910.28262448715,0
random_sparse,16,0.5,137,2000,0.7556390977443609,15741.257087817654,15741.257087817654,1
random_sparse,16,0.55,138,2000,0.7575187969924813,15741.257087817654,15741.257087817654,1
random_sparse,16,0.6,140,2000,0.7537593984962406,15741.257087817654,15741.257087817654,1
random_sparse,16,0.7,67,2000,0.768796992481203,15726.26022034043,15726.26022034043,1
random_sparse,16,0.8,48,2000,0.7481203007518797,15741.26018738899,15741.26018738899,1
random_sparse,16,0.9,748,2000,0.693609022556391,15726.26022034043,15726.26022034043,1
random_sparse,16,0.95,146,2000,0.6898496240601504,15675.249493984227,15675.249493984227,1
random_sparse,16,0.99,1999,2000,0.6165413533834586,15815.27489512094,15655.257376328067,0
random_sparse,16,1.0,459,2000,0.3533834586466165,15631.244068372389,15631.244068372389,1
random_sparse,17,0.5,70,2000,0.7763157894736842,13372.223086413625,13372.223086413625,1
random_sparse,17,0.55,67,2000,0.7763157894736842,13372.223086413625,13372.223086413625,1
random_sparse,17,0.6,67,2000,0.7807017543859649,13372.223086413625,13372.223086413625,1
random_sparse,17,0.7,71,2000,0.7631578947368421,13372.223086413625,13372.223086413625,1
random_sparse,17,0.8,71,2000,0.6973684210526315,13349.22973981357,13349.22973981357,1
random_sparse,17,0.9,50,2000,0.6162280701754386,13252.237220618452,13252.237220618452,1
random_sparse,17,0.95,139,2000,0.6337719298245614,13209.260137520052,13209.260137520052,1
random_sparse,17,0.99,2000,2000,0.49780701754385964,13740.249450647521,13194.280976175392,0
random_sparse,17,1.0,2000,2000,0.0,14326.220470951052,13199.220073123355,0
random_sparse,18,0.5,1976,2000,0.6814159292035398,13389.253358381759,13389.253358381759,0
random_sparse,18,0.55,1980,2000,0.6637168141592921,13389.253358381759,13389.253358381759,0
random_sparse,18,0.6,95,2000,0.7345132743362832,13348.258783008685,13348.258783008685,1
random_sparse,18,0.7,78,2000,0.7123893805309734,13348.258783008685,13348.258783008685,1
random_sparse,18,0.8,64,2000,0.6592920353982301,13348.258783008685,13348.258783008685,1
random_sparse,18,0.9,187,2000,0.6216814159292036,13213.263346102716,13213.263346102716,1
random_sparse,18,0.95,126,2000,0.6261061946902655,13121.257295343346,13121.257295343346,1
random_sparse,18,0.99,319,2000,0.6216814159292036,13076.22586628662,13076.22586628662,1
random_sparse,18,1.0,365,2000,0.17256637168141592,13076.22586628662,13076.22586628662,1
random_sparse,19,0.5,163,2000,0.7706422018348624,12609.262315648457,12609.262315648457,1
random_sparse,19,0.55,163,2000,0.7568807339449541,12609.262315648457,12609.262315648457,1
random_sparse,19,0.6,163,2000,0.7522935779816514,12609.262315648457,12609.262315648457,1
random_sparse,19,0.7,164,2000,0.7224770642201835,12609.262315648457,12609.262315648457,1
random_sparse,19,0.8,335,2000,0.7018348623853211,12615.240059554319,12615.240059554319,1
random_sparse,19,0.9,82,2000,0.6605504587155964,12575.25615802082,12575.25615802082,1
random_sparse,19,0.95,223,2000,0.6123853211009175,12570.251251121457,12570.251251121457,1
random_sparse,19,0.99,794,2000,0.6238532110091743,12505.263905865524,12505.263905865524,1
random_sparse,19,1.0,915,2000,0.2706422018348624,12520.257702522513,12520.257702522513,1
